Sample	0	1	2	3	4	5	6	7	8	9	10	11	12	13	14	15	16	17	18	19	20	21	22	23	24	25	26	27	28	29	30	31	32	33	34	35	36	37	38	39	40	41	42	43	44	45	46	47	48	49	50	51	52	53	54	55	56	57	58	59	60	61	62	63	64	65	66	67	68	69	70	71	72	73
dorado_barcode01 - polya	(1, 0.0)	(2, 0.0)	(3, 0.0)	(4, 0.0)	(5, 0.0)	(6, 0.025953802232026993)	(7, 0.025953802232026993)	(8, 0.025953802232026993)	(9, 0.025953802232026993)	(10, 0.2911544723120143)	(1000, 0.4384635349078605)	(2000, 0.5063327277446158)	(3000, 0.5708279262911948)	(4000, 0.6488450558006653)	(5000, 0.6488450558006653)	(6000, 0.6651440436023847)	(7000, 0.6747988580326996)	(8000, 0.6815987542174936)	(9000, 0.7007526602647289)	(10000, 0.7087204775499627)	(11000, 0.7267064624967442)	(12000, 0.7520892810796719)	(13000, 0.7526602647287765)	(14000, 0.7526602647287765)	(15000, 0.7526602647287765)	(16000, 0.7526602647287765)	(17000, 0.7526602647287765)	(18000, 0.7526602647287765)	(19000, 0.7526602647287765)	(20000, 0.7526602647287765)	(21000, 0.7526602647287765)	(22000, 0.7526602647287765)	(23000, 0.7526602647287765)	(24000, 0.7526602647287765)	(25000, 0.7526602647287765)	(26000, 0.7526602647287765)	(27000, 0.7526602647287765)	(28000, 0.7526602647287765)	(29000, 0.7526602647287765)	(30000, 0.7526602647287765)	(31000, 0.7526602647287765)	(32000, 0.7526602647287765)	(33000, 0.7526602647287765)	(34000, 0.7526602647287765)	(35000, 0.7526602647287765)	(36000, 0.7526602647287765)	(37000, 0.7526602647287765)	(38000, 0.7526602647287765)	(39000, 0.7526602647287765)	(40000, 0.7526602647287765)	(41000, 0.7526602647287765)	(42000, 0.7526602647287852)																						
dorado_barcode01 - polyg	(1, 0.0)	(2, 0.0)	(3, 0.0)	(4, 0.0)	(5, 0.0)	(6, 0.0)	(7, 0.0)	(8, 0.0)	(9, 0.0)	(10, 0.0837075661887497)	(1000, 0.17256683104074444)	(2000, 0.19602906825850164)	(3000, 0.25022060731897283)	(4000, 0.2840643654295416)	(5000, 0.28549182455230315)	(6000, 0.28549182455230315)	(7000, 0.3045159615883736)	(8000, 0.31144562678432575)	(9000, 0.31144562678432575)	(10000, 0.31144562678432575)	(11000, 0.31144562678432575)	(12000, 0.33124837788735967)	(13000, 0.3373994290163498)	(14000, 0.3373994290163498)	(15000, 0.3373994290163498)	(16000, 0.3373994290163498)	(17000, 0.3373994290163498)	(18000, 0.3373994290163498)	(19000, 0.3373994290163498)	(20000, 0.3373994290163498)	(21000, 0.3373994290163498)	(22000, 0.3373994290163498)	(23000, 0.3373994290163498)	(24000, 0.3373994290163498)	(25000, 0.3373994290163498)	(26000, 0.3373994290163498)	(27000, 0.3373994290163498)	(28000, 0.3373994290163498)	(29000, 0.3373994290163498)	(30000, 0.3373994290163498)	(31000, 0.3373994290163498)	(32000, 0.3373994290163498)	(33000, 0.3373994290163498)	(34000, 0.3373994290163498)	(35000, 0.3373994290163498)	(36000, 0.3373994290163498)	(37000, 0.3373994290163498)	(38000, 0.3373994290163498)	(39000, 0.3373994290163498)	(40000, 0.3373994290163498)	(41000, 0.3373994290163498)	(42000, 0.3373994290163509)																						
dorado_barcode02 - polya	(1, 0.01858719607721652)	(2, 0.019472300652322073)	(3, 0.02212761437763872)	(4, 0.023012718952744267)	(5, 0.023012718952744267)	(6, 0.023897823527849815)	(7, 0.023897823527849815)	(8, 0.023897823527849815)	(9, 0.024782928102955366)	(10, 0.7045961354207604)	(10000, 0.8621528398580627)	(20000, 0.86651737902849)	(30000, 0.86651737902849)	(40000, 0.86651737902849)	(50000, 0.86651737902849)	(60000, 0.86651737902849)	(70000, 0.86651737902849)	(80000, 0.86651737902849)	(90000, 0.86651737902849)	(100000, 0.86651737902849)	(110000, 0.86651737902849)	(120000, 0.86651737902849)	(130000, 0.86651737902849)	(140000, 0.86651737902849)	(150000, 0.86651737902849)	(160000, 0.86651737902849)	(170000, 0.86651737902849)	(180000, 0.86651737902849)	(190000, 0.86651737902849)	(200000, 0.86651737902849)	(210000, 0.8668311486003242)	(220000, 0.8674024836036015)	(230000, 0.8674024836036015)	(240000, 0.8674024836036015)	(250000, 0.8674024836036015)	(260000, 0.8674024836036015)	(270000, 0.8674024836036015)	(280000, 0.8674024836036015)	(290000, 0.8674024836036015)	(300000, 0.8674024836036015)	(310000, 0.8674024836036015)	(320000, 0.8674024836036015)	(330000, 0.8674024836036015)	(340000, 0.8674024836036015)	(350000, 0.8674024836036015)	(360000, 0.8674024836036015)	(370000, 0.8674024836036015)	(380000, 0.8674024836036015)	(390000, 0.8674024836036015)	(400000, 0.8674024836036015)	(410000, 0.8674024836036015)	(420000, 0.8674024836036015)	(430000, 0.8674024836036015)	(440000, 0.8674024836036015)	(450000, 0.8674024836036015)	(460000, 0.8674024836036015)	(470000, 0.8674024836036015)	(480000, 0.8674024836036015)	(490000, 0.8674024836036015)	(500000, 0.8674024836036015)	(510000, 0.8674024836036015)	(520000, 0.8674024836036015)	(530000, 0.8674024836036015)	(540000, 0.867402483603578)										
dorado_barcode02 - polyg	(1, 0.0017702091502110975)	(2, 0.0044255228755277435)	(3, 0.0044255228755277435)	(4, 0.005310627450633292)	(5, 0.006195732025738841)	(6, 0.00708083660084439)	(7, 0.00708083660084439)	(8, 0.00708083660084439)	(9, 0.00708083660084439)	(10, 0.3657269824147022)	(10000, 0.4364377196166164)	(20000, 0.43724166010219007)	(30000, 0.4379098255459086)	(40000, 0.4381267646772658)	(50000, 0.4381267646772658)	(60000, 0.4381267646772658)	(70000, 0.4381267646772658)	(80000, 0.4381267646772658)	(90000, 0.4381267646772658)	(100000, 0.4381267646772658)	(110000, 0.4381267646772658)	(120000, 0.4381267646772658)	(130000, 0.4381267646772658)	(140000, 0.4381267646772658)	(150000, 0.4381267646772658)	(160000, 0.4381267646772658)	(170000, 0.4381267646772658)	(180000, 0.4381267646772658)	(190000, 0.4381267646772658)	(200000, 0.4381267646772658)	(210000, 0.4381267646772658)	(220000, 0.4381267646772658)	(230000, 0.4381267646772658)	(240000, 0.4381267646772658)	(250000, 0.4381267646772658)	(260000, 0.4381267646772658)	(270000, 0.4381267646772658)	(280000, 0.4381267646772658)	(290000, 0.4381267646772658)	(300000, 0.4381267646772658)	(310000, 0.4381267646772658)	(320000, 0.4381267646772658)	(330000, 0.4381267646772658)	(340000, 0.4381267646772658)	(350000, 0.4381267646772658)	(360000, 0.4381267646772658)	(370000, 0.4381267646772658)	(380000, 0.4381267646772658)	(390000, 0.4381267646772658)	(400000, 0.4381267646772658)	(410000, 0.4381267646772658)	(420000, 0.4381267646772658)	(430000, 0.4381267646772658)	(440000, 0.4381267646772658)	(450000, 0.4381267646772658)	(460000, 0.4381267646772658)	(470000, 0.4381267646772658)	(480000, 0.4381267646772658)	(490000, 0.4381267646772658)	(500000, 0.4381267646772658)	(510000, 0.4381267646772658)	(520000, 0.4381267646772658)	(530000, 0.4381267646772658)	(540000, 0.4381267646772364)										
dorado_barcode03 - polya	(1, 0.0)	(2, 0.0)	(3, 0.0)	(4, 0.0)	(5, 0.0)	(6, 0.0)	(7, 0.0)	(8, 0.0)	(9, 0.0)	(10, 0.15515354406746903)	(500, 0.1577287066246056)	(1000, 0.1577287066246056)	(1500, 0.1577287066246056)	(2000, 0.1577287066246056)	(2500, 0.1577287066246056)	(3000, 0.1577287066246056)	(3500, 0.1577287066246056)	(4000, 0.1577287066246056)	(4500, 0.2283911671924273)	(5000, 0.3154574132492112)	(5500, 0.3154574132492112)	(6000, 0.3154574132492112)	(6500, 0.3154574132492112)	(7000, 0.3154574132492112)	(7500, 0.3154574132492112)	(8000, 0.3154574132492112)	(8500, 0.3154574132492112)	(9000, 0.3154574132492112)	(9500, 0.3154574132492112)	(10000, 0.3154574132492112)	(10500, 0.3154574132492112)	(11000, 0.3154574132492112)	(11500, 0.3154574132492112)	(12000, 0.3154574132492112)	(12500, 0.3154574132492112)	(13000, 0.3154574132492112)	(13500, 0.3154574132492112)	(14000, 0.3154574132492112)	(14500, 0.3154574132492112)	(15000, 0.3154574132492112)	(15500, 0.3154574132492112)	(16000, 0.3154574132492112)	(16500, 0.3154574132492112)	(17000, 0.3154574132492112)	(17500, 0.3154574132492112)	(18000, 0.3154574132492112)	(18500, 0.3154574132492112)	(19000, 0.3154574132492112)	(19500, 0.3154574132492112)	(20000, 0.3154574132492112)	(20500, 0.3154574132492112)	(21000, 0.3154574132492112)	(21500, 0.3154574132492112)	(22000, 0.3154574132492112)	(22500, 0.3154574132492112)	(23000, 0.3154574132492112)	(23500, 0.3154574132492112)	(24000, 0.3154574132492112)	(24500, 0.3154574132492112)	(25000, 0.3154574132492112)	(25500, 0.3154574132492112)	(26000, 0.31545741324921217)												
dorado_barcode04 - polya	(1, 0.0)	(2, 0.0)	(3, 0.0)	(4, 0.0)	(5, 0.0)	(6, 0.0)	(7, 0.0)	(8, 0.0)	(9, 0.0)	(10, 0.35924046986524377)	(2000, 0.6677945859872364)	(4000, 0.7697452229299513)	(6000, 0.847412420382193)	(8000, 0.9597531847133749)	(10000, 1.035031847133734)	(12000, 1.035031847133734)	(14000, 1.035031847133734)	(16000, 1.035031847133734)	(18000, 1.035031847133734)	(20000, 1.035031847133734)	(22000, 1.035031847133734)	(24000, 1.035031847133734)	(26000, 1.035031847133734)	(28000, 1.035031847133734)	(30000, 1.035031847133734)	(32000, 1.035031847133734)	(34000, 1.035031847133734)	(36000, 1.035031847133734)	(38000, 1.035031847133734)	(40000, 1.035031847133734)	(42000, 1.035031847133734)	(44000, 1.035031847133734)	(46000, 1.035031847133734)	(48000, 1.035031847133734)	(50000, 1.035031847133734)	(52000, 1.035031847133734)	(54000, 1.035031847133734)	(56000, 1.035031847133734)	(58000, 1.035031847133734)	(60000, 1.035031847133734)	(62000, 1.035031847133734)	(64000, 1.035031847133734)	(66000, 1.035031847133734)	(68000, 1.035031847133734)	(70000, 1.035031847133734)	(72000, 1.035031847133734)	(74000, 1.035031847133734)	(76000, 1.035031847133734)	(78000, 1.035031847133734)	(80000, 1.035031847133734)	(82000, 1.035031847133734)	(84000, 1.0350318471337365)																						
dorado_barcode04 - polyg	(1, 0.0)	(2, 0.0)	(3, 0.0)	(4, 0.0)	(5, 0.0)	(6, 0.0)	(7, 0.0)	(8, 0.0)	(9, 0.0)	(10, 0.07813750280062744)	(2000, 0.14327229299363237)	(4000, 0.21735668789808962)	(6000, 0.23885350318471407)	(8000, 0.23885350318471407)	(10000, 0.23885350318471407)	(12000, 0.23885350318471407)	(14000, 0.23885350318471407)	(16000, 0.23885350318471407)	(18000, 0.23885350318471407)	(20000, 0.23885350318471407)	(22000, 0.23885350318471407)	(24000, 0.23885350318471407)	(26000, 0.23885350318471407)	(28000, 0.23885350318471407)	(30000, 0.23885350318471407)	(32000, 0.23885350318471407)	(34000, 0.23885350318471407)	(36000, 0.23885350318471407)	(38000, 0.23885350318471407)	(40000, 0.23885350318471407)	(42000, 0.23885350318471407)	(44000, 0.23885350318471407)	(46000, 0.23885350318471407)	(48000, 0.23885350318471407)	(50000, 0.23885350318471407)	(52000, 0.23885350318471407)	(54000, 0.23885350318471407)	(56000, 0.23885350318471407)	(58000, 0.23885350318471407)	(60000, 0.23885350318471407)	(62000, 0.23885350318471407)	(64000, 0.23885350318471407)	(66000, 0.23885350318471407)	(68000, 0.23885350318471407)	(70000, 0.23885350318471407)	(72000, 0.23885350318471407)	(74000, 0.23885350318471407)	(76000, 0.23885350318471407)	(78000, 0.23885350318471407)	(80000, 0.23885350318471407)	(82000, 0.23885350318471407)	(84000, 0.23885350318471407)																						
dorado_barcode05 - polya	(1, 0.017804470206880602)	(2, 0.019089328881603945)	(3, 0.020190636317081095)	(4, 0.02147549499180444)	(5, 0.022026148709543013)	(6, 0.022393251188035396)	(7, 0.023494558623512546)	(8, 0.024412314819743507)	(9, 0.02477941729823589)	(10, 0.6125743516415831)	(10000, 0.7748970919976877)	(20000, 0.7801352956183241)	(30000, 0.7811491408882344)	(40000, 0.7814945109001368)	(50000, 0.7815611767102351)	(60000, 0.7816461242238238)	(70000, 0.7817447279494585)	(80000, 0.7817447279494585)	(90000, 0.7817447279494585)	(100000, 0.7817447279494585)	(110000, 0.7818007110774718)	(120000, 0.7819282791888289)	(130000, 0.7820557555245841)	(140000, 0.7821118304281641)	(150000, 0.7821118304281641)	(160000, 0.7821118304281641)	(170000, 0.7821118304281641)	(180000, 0.7821118304281641)	(190000, 0.7821118304281641)	(200000, 0.7821118304281641)	(210000, 0.7822296152584043)	(220000, 0.7822953816674156)	(230000, 0.7822953816674156)	(240000, 0.7822953816674156)	(250000, 0.7822953816674156)	(260000, 0.7822953816674156)	(270000, 0.7822953816674156)	(280000, 0.7822953816674156)	(290000, 0.7822953816674156)	(300000, 0.7822953816674156)	(310000, 0.7822953816674156)	(320000, 0.7822953816674156)	(330000, 0.7822953816674156)	(340000, 0.7822953816674156)	(350000, 0.7822953816674156)	(360000, 0.7822953816674156)	(370000, 0.7822953816674156)	(380000, 0.7822953816674156)	(390000, 0.7822953816674156)	(400000, 0.7822953816674156)	(410000, 0.7822953816674156)	(420000, 0.7822953816674156)	(430000, 0.7822953816674156)	(440000, 0.7822953816674156)	(450000, 0.7822953816674156)	(460000, 0.7822953816673245)																		
dorado_barcode05 - polyg	(1, 0.0005506537177385753)	(2, 0.0009177561962309588)	(3, 0.0011013074354771506)	(4, 0.0011013074354771506)	(5, 0.0014684099139695341)	(6, 0.0014684099139695341)	(7, 0.0018355123924619176)	(8, 0.002202614870954301)	(9, 0.002386166110200493)	(10, 0.28077149573386)	(10000, 0.3452044118375036)	(20000, 0.34680842940712725)	(30000, 0.347055103917609)	(40000, 0.3470953934146195)	(50000, 0.3470953934146195)	(60000, 0.3470953934146195)	(70000, 0.3470953934146195)	(80000, 0.3471770002954651)	(90000, 0.3472789446537814)	(100000, 0.3472789446537814)	(110000, 0.34738470687787915)	(120000, 0.3474624958930669)	(130000, 0.3474624958930669)	(140000, 0.3474624958930669)	(150000, 0.3474624958930669)	(160000, 0.3474624958930669)	(170000, 0.3474624958930669)	(180000, 0.3474624958930669)	(190000, 0.3474624958930669)	(200000, 0.3474624958930669)	(210000, 0.3474624958930669)	(220000, 0.3474624958930669)	(230000, 0.3476260584023954)	(240000, 0.34764604713234837)	(250000, 0.34764604713234837)	(260000, 0.34764604713234837)	(270000, 0.34764604713234837)	(280000, 0.34764604713234837)	(290000, 0.34764604713234837)	(300000, 0.34764604713234837)	(310000, 0.34764604713234837)	(320000, 0.34764604713234837)	(330000, 0.34764604713234837)	(340000, 0.34764604713234837)	(350000, 0.34764604713234837)	(360000, 0.34764604713234837)	(370000, 0.34764604713234837)	(380000, 0.34764604713234837)	(390000, 0.34764604713234837)	(400000, 0.34764604713234837)	(410000, 0.34764604713234837)	(420000, 0.34764604713234837)	(430000, 0.34764604713234837)	(440000, 0.34764604713234837)	(450000, 0.34764604713234837)	(460000, 0.34764604713231134)																		
dorado_barcode06 - polya	(1, 0.0)	(2, 0.0)	(3, 0.0)	(4, 0.0)	(5, 0.0)	(6, 0.0)	(7, 0.0)	(8, 0.0)	(9, 0.0)	(10, 0.2673217435122178)	(500, 0.5666666666666671)	(1000, 0.7069135802469171)	(1500, 0.7407407407407459)	(2000, 0.7407407407407459)	(2500, 0.7407407407407459)	(3000, 0.7407407407407459)	(3500, 0.7407407407407459)	(4000, 0.7407407407407459)	(4500, 0.7407407407407459)	(5000, 0.7407407407407459)	(5500, 0.7407407407407459)	(6000, 0.7407407407407459)	(6500, 0.8456790123456835)	(7000, 0.8641975308642021)	(7500, 0.9409876543209826)	(8000, 1.1111111111110987)	(8500, 1.1111111111110987)	(9000, 1.1111111111110987)	(9500, 1.1111111111110987)	(10000, 1.1111111111110987)	(10500, 1.1325925925925824)	(11000, 1.2345679012345654)	(11500, 1.2345679012345654)	(12000, 1.2345679012345654)	(12500, 1.2345679012345654)	(13000, 1.2345679012345654)	(13500, 1.2345679012345654)	(14000, 1.2345679012345654)	(14500, 1.2345679012345654)	(15000, 1.2345679012345654)	(15500, 1.2345679012345654)	(16000, 1.2345679012345654)	(16500, 1.2345679012345654)	(17000, 1.2345679012345654)	(17500, 1.2345679012345654)	(18000, 1.3580246913580114)	(18500, 1.3580246913580114)	(19000, 1.3580246913580114)	(19500, 1.3580246913580114)	(20000, 1.3580246913580114)	(20500, 1.3580246913580114)	(21000, 1.3580246913580114)	(21500, 1.3580246913580114)	(22000, 1.3580246913580114)	(22500, 1.3580246913580252)																			
dorado_barcode06 - polyg	(1, 0.0)	(2, 0.0)	(3, 0.0)	(4, 0.0)	(5, 0.0)	(6, 0.0)	(7, 0.0)	(8, 0.0)	(9, 0.0)	(10, 0.11312673217435047)	(500, 0.12345679012345594)	(1000, 0.12345679012345594)	(1500, 0.12345679012345594)	(2000, 0.12345679012345594)	(2500, 0.1296296296296287)	(3000, 0.24691358024691187)	(3500, 0.24691358024691187)	(4000, 0.35506172839506384)	(4500, 0.37037037037037296)	(5000, 0.37037037037037296)	(5500, 0.37037037037037296)	(6000, 0.37037037037037296)	(6500, 0.37037037037037296)	(7000, 0.37037037037037296)	(7500, 0.37037037037037296)	(8000, 0.37037037037037296)	(8500, 0.37037037037037296)	(9000, 0.37037037037037296)	(9500, 0.37037037037037296)	(10000, 0.37037037037037296)	(10500, 0.37037037037037296)	(11000, 0.37037037037037296)	(11500, 0.37037037037037296)	(12000, 0.37037037037037296)	(12500, 0.37037037037037296)	(13000, 0.37037037037037296)	(13500, 0.37037037037037296)	(14000, 0.4913580246913546)	(14500, 0.49382716049382375)	(15000, 0.49382716049382375)	(15500, 0.49382716049382375)	(16000, 0.49382716049382375)	(16500, 0.49382716049382375)	(17000, 0.49382716049382375)	(17500, 0.49382716049382375)	(18000, 0.49382716049382375)	(18500, 0.49382716049382375)	(19000, 0.49382716049382375)	(19500, 0.49382716049382375)	(20000, 0.49382716049382375)	(20500, 0.49382716049382375)	(21000, 0.49382716049382375)	(21500, 0.49382716049382375)	(22000, 0.49382716049382375)	(22500, 0.49382716049382686)																			
dorado_barcode07 - polya	(1, 0.0)	(2, 0.0)	(3, 0.0)	(4, 0.0)	(5, 0.0)	(6, 0.0)	(7, 0.0)	(8, 0.0)	(9, 0.0)	(10, 0.124174071542491)	(1000, 0.21679197994987245)	(2000, 0.25062656641603676)	(3000, 0.357518796992473)	(4000, 0.43972431077693525)	(5000, 0.5323308270676614)	(6000, 0.6265664160400883)	(7000, 0.7234335839598836)	(8000, 0.7518796992481026)	(9000, 0.7518796992481026)	(10000, 0.7518796992481026)	(11000, 0.7518796992481026)	(12000, 0.7518796992481026)	(13000, 0.7518796992481026)	(14000, 0.7518796992481026)	(15000, 0.7518796992481026)	(16000, 0.7518796992481026)	(17000, 0.7518796992481026)	(18000, 0.7518796992481026)	(19000, 0.7518796992481026)	(20000, 0.7518796992481026)	(21000, 0.7518796992481026)	(22000, 0.7518796992481026)	(23000, 0.7518796992481026)	(24000, 0.7518796992481026)	(25000, 0.7518796992481026)	(26000, 0.7518796992481026)	(27000, 0.7518796992481026)	(28000, 0.7518796992481026)	(29000, 0.7518796992481026)	(30000, 0.7518796992481026)	(31000, 0.7518796992481026)	(32000, 0.7518796992481026)	(33000, 0.7518796992481026)	(34000, 0.7518796992481026)	(35000, 0.7518796992481026)	(36000, 0.7518796992481026)	(37000, 0.7518796992481026)	(38000, 0.7518796992481026)	(39000, 0.7518796992481026)	(40000, 0.7518796992481026)	(41000, 0.7518796992481026)	(42000, 0.7518796992481026)	(43000, 0.7518796992481026)	(44000, 0.7518796992481026)	(45000, 0.7518796992481026)	(46000, 0.7518796992481026)	(47000, 0.7518796992481026)	(48000, 0.7518796992481026)	(49000, 0.7518796992481026)	(50000, 0.7518796992481122)														
dorado_barcode07 - polyg	(1, 0.0)	(2, 0.0)	(3, 0.0)	(4, 0.0)	(5, 0.0)	(6, 0.0)	(7, 0.0)	(8, 0.0)	(9, 0.0)	(10, 0.31252373357635865)	(1000, 0.5487468671679114)	(2000, 0.6350877192982334)	(3000, 0.7518796992481026)	(4000, 0.7518796992481026)	(5000, 0.7518796992481026)	(6000, 0.7518796992481026)	(7000, 0.7518796992481026)	(8000, 0.7518796992481026)	(9000, 0.7518796992481026)	(10000, 0.7518796992481026)	(11000, 0.7518796992481026)	(12000, 0.7518796992481026)	(13000, 0.7518796992481026)	(14000, 0.7518796992481026)	(15000, 0.7518796992481026)	(16000, 0.7518796992481026)	(17000, 0.7518796992481026)	(18000, 0.7518796992481026)	(19000, 0.7518796992481026)	(20000, 0.7518796992481026)	(21000, 0.7518796992481026)	(22000, 0.7518796992481026)	(23000, 0.7518796992481026)	(24000, 0.7518796992481026)	(25000, 0.7518796992481026)	(26000, 0.7518796992481026)	(27000, 0.7518796992481026)	(28000, 0.7518796992481026)	(29000, 0.7518796992481026)	(30000, 0.7518796992481026)	(31000, 0.7518796992481026)	(32000, 0.7518796992481026)	(33000, 0.7518796992481026)	(34000, 0.7518796992481026)	(35000, 0.7518796992481026)	(36000, 0.7518796992481026)	(37000, 0.7518796992481026)	(38000, 0.7518796992481026)	(39000, 0.7518796992481026)	(40000, 0.7518796992481026)	(41000, 0.7518796992481026)	(42000, 0.7518796992481026)	(43000, 0.7518796992481026)	(44000, 0.7518796992481026)	(45000, 0.7518796992481026)	(46000, 0.7518796992481026)	(47000, 0.7518796992481026)	(48000, 0.7518796992481026)	(49000, 0.7518796992481026)	(50000, 0.7518796992481122)														
dorado_barcode08 - polya	(1, 0.0)	(2, 0.0)	(3, 0.0)	(4, 0.0)	(5, 0.0)	(6, 0.0)	(7, 0.0)	(8, 0.0)	(9, 0.0)	(10, 0.30520256326708506)	(1000, 0.6506353861192488)	(2000, 0.6842619745845437)	(3000, 0.6842619745845437)	(4000, 0.6842619745845437)	(5000, 0.6842619745845437)	(6000, 0.6842619745845437)	(7000, 0.6842619745845437)	(8000, 0.696285434995104)	(9000, 0.7820136852394906)	(10000, 0.7820136852394906)	(11000, 0.7820136852394906)	(12000, 0.7820136852394906)	(13000, 0.7820136852394906)	(14000, 0.7820136852394906)	(15000, 0.7820136852394906)	(16000, 0.7820136852394906)	(17000, 0.7820136852394906)	(18000, 0.7820136852394906)	(19000, 0.7820136852394906)	(20000, 0.7820136852394906)	(21000, 0.7820136852394906)	(22000, 0.7820136852394906)	(23000, 0.7820136852394906)	(24000, 0.7820136852394906)	(25000, 0.7820136852394906)	(26000, 0.7820136852394906)	(27000, 0.7820136852394906)	(28000, 0.7820136852394906)	(29000, 0.7820136852394906)	(30000, 0.7820136852394906)	(31000, 0.7820136852394906)	(32000, 0.7820136852394906)	(33000, 0.7820136852394906)	(34000, 0.7820136852394906)	(35000, 0.7820136852394906)	(36000, 0.7820136852394906)	(37000, 0.7820136852394906)	(38000, 0.7820136852394906)	(39000, 0.7820136852394906)	(40000, 0.7820136852394906)	(41000, 0.7820136852394906)	(42000, 0.7820136852394997)																						
dorado_barcode08 - polyg	(1, 0.0)	(2, 0.0)	(3, 0.0)	(4, 0.0)	(5, 0.0)	(6, 0.0)	(7, 0.0)	(8, 0.0)	(9, 0.0)	(10, 0.17931020863572084)	(1000, 0.2932551319648079)	(2000, 0.2932551319648079)	(3000, 0.2932551319648079)	(4000, 0.2932551319648079)	(5000, 0.38563049853372394)	(6000, 0.3910068426197453)	(7000, 0.3910068426197453)	(8000, 0.3910068426197453)	(9000, 0.3910068426197453)	(10000, 0.3910068426197453)	(11000, 0.3910068426197453)	(12000, 0.3910068426197453)	(13000, 0.3910068426197453)	(14000, 0.3910068426197453)	(15000, 0.3910068426197453)	(16000, 0.3910068426197453)	(17000, 0.3910068426197453)	(18000, 0.3910068426197453)	(19000, 0.3910068426197453)	(20000, 0.3910068426197453)	(21000, 0.3910068426197453)	(22000, 0.3910068426197453)	(23000, 0.3910068426197453)	(24000, 0.3910068426197453)	(25000, 0.3910068426197453)	(26000, 0.3910068426197453)	(27000, 0.3910068426197453)	(28000, 0.3910068426197453)	(29000, 0.3910068426197453)	(30000, 0.3910068426197453)	(31000, 0.3910068426197453)	(32000, 0.3910068426197453)	(33000, 0.3910068426197453)	(34000, 0.3910068426197453)	(35000, 0.3910068426197453)	(36000, 0.3910068426197453)	(37000, 0.3910068426197453)	(38000, 0.3910068426197453)	(39000, 0.3910068426197453)	(40000, 0.3910068426197453)	(41000, 0.3910068426197453)	(42000, 0.39100684261974983)																						
dorado_barcode09 - polya	(1, 0.010874884454352673)	(2, 0.010874884454352673)	(3, 0.010874884454352673)	(4, 0.010874884454352673)	(5, 0.010874884454352673)	(6, 0.010874884454352673)	(7, 0.010874884454352673)	(8, 0.01359360556794084)	(9, 0.01359360556794084)	(10, 0.46767065036873245)	(10000, 0.5350761241912455)	(20000, 0.5383067804905122)	(30000, 0.5383067804905122)	(40000, 0.5383067804905122)	(50000, 0.5405423848621647)	(60000, 0.5410255016040535)	(70000, 0.5410255016040535)	(80000, 0.5410255016040535)	(90000, 0.5410255016040535)	(100000, 0.5410255016040535)	(110000, 0.5410255016040535)	(120000, 0.5410255016040535)	(130000, 0.5410255016040535)	(140000, 0.5410255016040535)	(150000, 0.5410255016040535)	(160000, 0.5410255016040535)	(170000, 0.5410255016040535)	(180000, 0.5410255016040535)	(190000, 0.5410255016040535)	(200000, 0.5410255016040535)	(210000, 0.5410255016040535)	(220000, 0.5410255016040535)	(230000, 0.5410255016040535)	(240000, 0.5410255016040535)	(250000, 0.5410255016040535)	(260000, 0.5410255016040535)	(270000, 0.5410255016040535)	(280000, 0.5410255016040535)	(290000, 0.5410255016040535)	(300000, 0.5410255016040535)	(310000, 0.5410255016040535)	(320000, 0.5410255016040535)	(330000, 0.5410255016040535)	(340000, 0.5410255016040535)	(350000, 0.5410255016040535)	(360000, 0.5410255016040534)																												
dorado_barcode09 - polyg	(1, 0.0027187211135881683)	(2, 0.0027187211135881683)	(3, 0.0027187211135881683)	(4, 0.0027187211135881683)	(5, 0.0027187211135881683)	(6, 0.0027187211135881683)	(7, 0.005437442227176337)	(8, 0.005437442227176337)	(9, 0.005437442227176337)	(10, 0.1774712562597886)	(10000, 0.20390408351909464)	(20000, 0.20390408351909464)	(30000, 0.20647436245986156)	(40000, 0.20662280463266375)	(50000, 0.20662280463266375)	(60000, 0.20662280463266375)	(70000, 0.20662280463266375)	(80000, 0.20662280463266375)	(90000, 0.20662280463266375)	(100000, 0.20662280463266375)	(110000, 0.20662280463266375)	(120000, 0.20662280463266375)	(130000, 0.20662280463266375)	(140000, 0.20662280463266375)	(150000, 0.20662280463266375)	(160000, 0.20662280463266375)	(170000, 0.20662280463266375)	(180000, 0.20662280463266375)	(190000, 0.20662280463266375)	(200000, 0.20662280463266375)	(210000, 0.20662280463266375)	(220000, 0.20662280463266375)	(230000, 0.20662280463266375)	(240000, 0.20662280463266375)	(250000, 0.20662280463266375)	(260000, 0.20662280463266375)	(270000, 0.20662280463266375)	(280000, 0.20662280463266375)	(290000, 0.20662280463266375)	(300000, 0.20662280463266375)	(310000, 0.20662280463266375)	(320000, 0.20662280463266375)	(330000, 0.20662280463266375)	(340000, 0.20662280463266375)	(350000, 0.20662280463266375)	(360000, 0.20662280463266577)																												
dorado_barcode10 - polya	(1, 0.006874398490132113)	(2, 0.006874398490132113)	(3, 0.007499343807416851)	(4, 0.00812428912470159)	(5, 0.009374179759271064)	(6, 0.01062407039384054)	(7, 0.011873961028410015)	(8, 0.01312385166297949)	(9, 0.01312385166297949)	(10, 0.4742275241106568)	(10000, 0.6276036471808747)	(20000, 0.6391234516980828)	(30000, 0.6411927081381633)	(40000, 0.6418188408515009)	(50000, 0.6418188408515009)	(60000, 0.6418188408515009)	(70000, 0.6418188408515009)	(80000, 0.6418188408515009)	(90000, 0.6418188408515009)	(100000, 0.6418188408515009)	(110000, 0.6418188408515009)	(120000, 0.6418188408515009)	(130000, 0.6418188408515009)	(140000, 0.6418188408515009)	(150000, 0.6418188408515009)	(160000, 0.6418188408515009)	(170000, 0.6418188408515009)	(180000, 0.6418188408515009)	(190000, 0.6418188408515009)	(200000, 0.6418188408515009)	(210000, 0.6418188408515009)	(220000, 0.6418188408515009)	(230000, 0.6418188408515009)	(240000, 0.6418188408515009)	(250000, 0.6418188408515009)	(260000, 0.6418188408515009)	(270000, 0.6418188408515009)	(280000, 0.6418188408515009)	(290000, 0.6418188408515009)	(300000, 0.6418188408515009)	(310000, 0.6418188408515009)	(320000, 0.6418188408515009)	(330000, 0.6418188408515009)	(340000, 0.6418188408515009)	(350000, 0.6418188408513833)																													
dorado_barcode10 - polyg	(1, 0.0)	(2, 0.0)	(3, 0.0)	(4, 0.0)	(5, 0.0)	(6, 0.0)	(7, 0.0)	(8, 0.0)	(9, 0.0)	(10, 0.2003224993088417)	(10000, 0.254518917094791)	(20000, 0.25757958678615217)	(30000, 0.25915376154586195)	(40000, 0.2593523066731538)	(50000, 0.2599359431050251)	(60000, 0.25997725199049737)	(70000, 0.25997725199049737)	(80000, 0.25997725199049737)	(90000, 0.25997725199049737)	(100000, 0.25997725199049737)	(110000, 0.25997725199049737)	(120000, 0.25997725199049737)	(130000, 0.25997725199049737)	(140000, 0.25997725199049737)	(150000, 0.25997725199049737)	(160000, 0.25997725199049737)	(170000, 0.25997725199049737)	(180000, 0.25997725199049737)	(190000, 0.25997725199049737)	(200000, 0.25997725199049737)	(210000, 0.2604696464059505)	(220000, 0.26060219730774653)	(230000, 0.26060219730774653)	(240000, 0.26060219730774653)	(250000, 0.26060219730774653)	(260000, 0.26060219730774653)	(270000, 0.26060219730774653)	(280000, 0.26060219730774653)	(290000, 0.26060219730774653)	(300000, 0.26060219730774653)	(310000, 0.26060219730774653)	(320000, 0.26060219730774653)	(330000, 0.26060219730774653)	(340000, 0.26060219730774653)	(350000, 0.26060219730774736)																													
dorado_barcode11 - polya	(1, 0.009685912280856235)	(2, 0.010566449760934075)	(3, 0.011446987241011914)	(4, 0.011446987241011914)	(5, 0.012327524721089753)	(6, 0.012327524721089753)	(7, 0.014088599681245432)	(8, 0.014088599681245432)	(9, 0.014088599681245432)	(10, 0.3571190034757916)	(5000, 0.5280713587573718)	(10000, 0.5574906442893136)	(15000, 0.5610978541301709)	(20000, 0.5630683209031235)	(25000, 0.5644245247299217)	(30000, 0.5644245247299217)	(35000, 0.5652671990983295)	(40000, 0.5653050622099728)	(45000, 0.5653050622099728)	(50000, 0.5653050622099728)	(55000, 0.5653050622099728)	(60000, 0.5653050622099728)	(65000, 0.5653050622099728)	(70000, 0.5653050622099728)	(75000, 0.5653050622099728)	(80000, 0.5653050622099728)	(85000, 0.5653050622099728)	(90000, 0.5654417216268754)	(95000, 0.5661855996900237)	(100000, 0.5661855996900237)	(105000, 0.5661855996900237)	(110000, 0.5661855996900237)	(115000, 0.5661855996900237)	(120000, 0.5661855996900237)	(125000, 0.5661855996900237)	(130000, 0.5661855996900237)	(135000, 0.5661855996900237)	(140000, 0.5661855996900237)	(145000, 0.5661855996900237)	(150000, 0.5661855996900237)	(155000, 0.5661855996900237)	(160000, 0.5661855996900237)	(165000, 0.5661855996900237)	(170000, 0.5661855996900237)	(175000, 0.5661855996900237)	(180000, 0.5661855996900237)	(185000, 0.5661855996900237)	(190000, 0.5661855996900237)	(195000, 0.5661855996900237)	(200000, 0.5661855996900237)	(205000, 0.5661855996900237)	(210000, 0.5661855996900237)	(215000, 0.5661855996900237)	(220000, 0.5661855996900237)	(225000, 0.5661855996900237)	(230000, 0.5661855996900237)	(235000, 0.5661855996900237)	(240000, 0.5661855996900237)	(245000, 0.5661855996900237)	(250000, 0.5661855996900237)	(255000, 0.5661855996900237)	(260000, 0.5661855996900237)	(265000, 0.5661855996900237)	(270000, 0.5661855996900237)	(275000, 0.5661855996900237)	(280000, 0.5661855996900237)	(285000, 0.5661855996900237)	(290000, 0.5661855996900237)	(295000, 0.5661855996900237)	(300000, 0.5661855996900237)	(305000, 0.5661855996900237)	(310000, 0.5661855996900237)	(315000, 0.5661855996900237)	(320000, 0.5661855996900353)
dorado_barcode11 - polyg	(1, 0.0)	(2, 0.0)	(3, 0.0)	(4, 0.0008805374800778395)	(5, 0.0008805374800778395)	(6, 0.0008805374800778395)	(7, 0.0008805374800778395)	(8, 0.0008805374800778395)	(9, 0.0008805374800778395)	(10, 0.1312655513462486)	(5000, 0.17881867091674347)	(10000, 0.1849128708163354)	(15000, 0.1849128708163354)	(20000, 0.18560919985557298)	(25000, 0.18656458302148374)	(30000, 0.1866739457765099)	(35000, 0.1866739457765099)	(40000, 0.1866739457765099)	(45000, 0.1866739457765099)	(50000, 0.1866739457765099)	(55000, 0.1866739457765099)	(60000, 0.1866739457765099)	(65000, 0.1866739457765099)	(70000, 0.1866739457765099)	(75000, 0.1866739457765099)	(80000, 0.1866739457765099)	(85000, 0.1866739457765099)	(90000, 0.1866739457765099)	(95000, 0.1866739457765099)	(100000, 0.1866739457765099)	(105000, 0.1866739457765099)	(110000, 0.1866739457765099)	(115000, 0.1866739457765099)	(120000, 0.1866739457765099)	(125000, 0.1866739457765099)	(130000, 0.1866739457765099)	(135000, 0.1866739457765099)	(140000, 0.1866739457765099)	(145000, 0.1866739457765099)	(150000, 0.1866739457765099)	(155000, 0.1866739457765099)	(160000, 0.1866739457765099)	(165000, 0.1866739457765099)	(170000, 0.1866739457765099)	(175000, 0.1866739457765099)	(180000, 0.1866739457765099)	(185000, 0.1866739457765099)	(190000, 0.1866739457765099)	(195000, 0.1866739457765099)	(200000, 0.1866739457765099)	(205000, 0.1866739457765099)	(210000, 0.18715049266071435)	(215000, 0.18755448325657667)	(220000, 0.18755448325657667)	(225000, 0.18755448325657667)	(230000, 0.18755448325657667)	(235000, 0.18755448325657667)	(240000, 0.18755448325657667)	(245000, 0.18755448325657667)	(250000, 0.18755448325657667)	(255000, 0.18755448325657667)	(260000, 0.18755448325657667)	(265000, 0.18755448325657667)	(270000, 0.18755448325657667)	(275000, 0.18755448325657667)	(280000, 0.18755448325657667)	(285000, 0.18755448325657667)	(290000, 0.18755448325657667)	(295000, 0.18755448325657667)	(300000, 0.18755448325657667)	(305000, 0.18755448325657667)	(310000, 0.18755448325657667)	(315000, 0.18755448325657667)	(320000, 0.18755448325657684)
dorado_barcode12 - polya	(1, 0.0)	(2, 0.0)	(3, 0.0)	(4, 0.0)	(5, 0.0)	(6, 0.0)	(7, 0.0)	(8, 0.0)	(9, 0.0)	(10, 0.2947232606025296)	(1000, 0.5016622922134691)	(2000, 0.6055993000874755)	(3000, 0.6697287839020076)	(4000, 0.6999125109361266)	(5000, 0.6999125109361266)	(6000, 0.6999125109361266)	(7000, 0.7646544181977377)	(8000, 0.7874015748031628)	(9000, 0.8132983377077937)	(10000, 0.8748906386701863)	(11000, 0.8748906386701863)	(12000, 0.8748906386701863)	(13000, 0.8748906386701863)	(14000, 0.8748906386701863)	(15000, 0.8748906386701863)	(16000, 0.8748906386701863)	(17000, 0.8748906386701863)	(18000, 0.8748906386701863)	(19000, 0.8748906386701863)	(20000, 0.8748906386701863)	(21000, 0.8748906386701863)	(22000, 0.8748906386701863)	(23000, 0.8748906386701863)	(24000, 0.8748906386701863)	(25000, 0.8748906386701863)	(26000, 0.8748906386701863)	(27000, 0.8748906386701863)	(28000, 0.8748906386701863)	(29000, 0.8748906386701863)	(30000, 0.8748906386701863)	(31000, 0.8748906386701863)	(32000, 0.8748906386701863)	(33000, 0.8748906386701863)	(34000, 0.8748906386701863)	(35000, 0.8748906386701863)	(36000, 0.8748906386701863)	(37000, 0.8748906386701863)	(38000, 0.8748906386701863)	(39000, 0.8748906386701863)	(40000, 0.8748906386701863)	(41000, 0.8748906386701863)	(42000, 0.8748906386701863)	(43000, 0.8748906386701863)	(44000, 0.8748906386701863)	(45000, 0.8748906386701863)	(46000, 0.8748906386701863)	(47000, 0.8748906386701863)	(48000, 0.8748906386701863)	(49000, 0.8748906386701863)	(50000, 0.8748906386701863)	(51000, 0.8748906386701863)	(52000, 0.8748906386701863)	(53000, 0.8748906386701863)	(54000, 0.8748906386701863)	(55000, 0.8748906386701863)	(56000, 0.8748906386701863)	(57000, 0.8748906386701863)	(58000, 0.8748906386701863)	(59000, 0.8748906386701863)	(60000, 0.8748906386701863)	(61000, 0.8748906386701863)	(62000, 0.8748906386701863)	(63000, 0.8748906386701863)	(64000, 0.8748906386701852)
dorado_barcode12 - polyg	(1, 0.0)	(2, 0.0)	(3, 0.0)	(4, 0.0)	(5, 0.0)	(6, 0.0)	(7, 0.0)	(8, 0.0)	(9, 0.0)	(10, 0.07458663626642718)	(1000, 0.17497812773403165)	(2000, 0.17497812773403165)	(3000, 0.17497812773403165)	(4000, 0.17497812773403165)	(5000, 0.17497812773403165)	(6000, 0.17497812773403165)	(7000, 0.17497812773403165)	(8000, 0.17497812773403165)	(9000, 0.17497812773403165)	(10000, 0.17497812773403165)	(11000, 0.17497812773403165)	(12000, 0.17497812773403165)	(13000, 0.17497812773403165)	(14000, 0.17497812773403165)	(15000, 0.17497812773403165)	(16000, 0.17497812773403165)	(17000, 0.19405074365704314)	(18000, 0.2624671916010475)	(19000, 0.2624671916010475)	(20000, 0.2624671916010475)	(21000, 0.2624671916010475)	(22000, 0.2624671916010475)	(23000, 0.2624671916010475)	(24000, 0.2624671916010475)	(25000, 0.2624671916010475)	(26000, 0.2624671916010475)	(27000, 0.2624671916010475)	(28000, 0.2624671916010475)	(29000, 0.2624671916010475)	(30000, 0.2624671916010475)	(31000, 0.2624671916010475)	(32000, 0.2624671916010475)	(33000, 0.2624671916010475)	(34000, 0.2624671916010475)	(35000, 0.2624671916010475)	(36000, 0.2624671916010475)	(37000, 0.2624671916010475)	(38000, 0.2624671916010475)	(39000, 0.2624671916010475)	(40000, 0.2624671916010475)	(41000, 0.2624671916010475)	(42000, 0.2624671916010475)	(43000, 0.2624671916010475)	(44000, 0.2624671916010475)	(45000, 0.2624671916010475)	(46000, 0.2624671916010475)	(47000, 0.2624671916010475)	(48000, 0.2624671916010475)	(49000, 0.2624671916010475)	(50000, 0.2624671916010475)	(51000, 0.2624671916010475)	(52000, 0.2624671916010475)	(53000, 0.2624671916010475)	(54000, 0.2624671916010475)	(55000, 0.2624671916010475)	(56000, 0.2624671916010475)	(57000, 0.2624671916010475)	(58000, 0.2624671916010475)	(59000, 0.2624671916010475)	(60000, 0.2624671916010475)	(61000, 0.2624671916010475)	(62000, 0.2624671916010475)	(63000, 0.2624671916010475)	(64000, 0.26246719160104753)
dorado_barcode13 - polya	(1, 0.0)	(2, 0.0)	(3, 0.0)	(4, 0.0)	(5, 0.0)	(6, 0.0)	(7, 0.0)	(8, 0.0)	(9, 0.0)	(10, 0.1790179017901771)	(1000, 0.24752475247524472)	(2000, 0.24752475247524472)	(3000, 0.24752475247524472)	(4000, 0.24752475247524472)	(5000, 0.24752475247524472)	(6000, 0.24752475247524472)	(7000, 0.24752475247524472)	(8000, 0.24752475247524472)	(9000, 0.24752475247524472)	(10000, 0.24752475247524472)	(11000, 0.3132425742574289)	(12000, 0.37128712871287545)	(13000, 0.37128712871287545)	(14000, 0.37128712871287545)	(15000, 0.37128712871287545)	(16000, 0.37128712871287545)	(17000, 0.37128712871287545)	(18000, 0.37128712871287545)	(19000, 0.37128712871287545)	(20000, 0.37128712871287545)	(21000, 0.37128712871287545)	(22000, 0.37128712871287545)	(23000, 0.37128712871287545)	(24000, 0.37128712871287545)	(25000, 0.37128712871287545)	(26000, 0.37128712871287545)	(27000, 0.37128712871287545)	(28000, 0.37128712871287545)	(29000, 0.37128712871287545)	(30000, 0.37128712871287545)	(31000, 0.37128712871287545)	(32000, 0.37128712871287545)	(33000, 0.37128712871287545)	(34000, 0.37128712871287545)	(35000, 0.37128712871287545)	(36000, 0.37128712871287545)	(37000, 0.3712871287128699)																											
dorado_barcode13 - polyg	(1, 0.0)	(2, 0.0)	(3, 0.0)	(4, 0.0)	(5, 0.0)	(6, 0.0)	(7, 0.0)	(8, 0.0)	(9, 0.0)	(10, 0.0015001500150015005)	(1000, 0.24863861386138514)	(2000, 0.37128712871287545)	(3000, 0.37128712871287545)	(4000, 0.37128712871287545)	(5000, 0.37128712871287545)	(6000, 0.37128712871287545)	(7000, 0.37128712871287545)	(8000, 0.37128712871287545)	(9000, 0.37128712871287545)	(10000, 0.37128712871287545)	(11000, 0.37128712871287545)	(12000, 0.37128712871287545)	(13000, 0.37128712871287545)	(14000, 0.37128712871287545)	(15000, 0.37128712871287545)	(16000, 0.37128712871287545)	(17000, 0.37128712871287545)	(18000, 0.37128712871287545)	(19000, 0.37128712871287545)	(20000, 0.37128712871287545)	(21000, 0.37128712871287545)	(22000, 0.37128712871287545)	(23000, 0.37128712871287545)	(24000, 0.37128712871287545)	(25000, 0.37128712871287545)	(26000, 0.37128712871287545)	(27000, 0.37128712871287545)	(28000, 0.37128712871287545)	(29000, 0.37128712871287545)	(30000, 0.37128712871287545)	(31000, 0.37128712871287545)	(32000, 0.37128712871287545)	(33000, 0.37128712871287545)	(34000, 0.37128712871287545)	(35000, 0.37128712871287545)	(36000, 0.37128712871287545)	(37000, 0.3712871287128699)																											
dorado_barcode14 - polya	(1, 0.0)	(2, 0.0)	(3, 0.0)	(4, 0.0)	(5, 0.0)	(6, 0.0)	(7, 0.0)	(8, 0.0)	(9, 0.0)	(10, 0.2360765075870269)	(1000, 0.44253239855533955)	(2000, 0.4925005311238548)	(3000, 0.5362651370299584)	(4000, 0.5523688124070533)	(5000, 0.5523688124070533)	(6000, 0.5566390482260454)	(7000, 0.5736137667303938)	(8000, 0.5736137667303938)	(9000, 0.5802846823879221)	(10000, 0.5948587210537454)	(11000, 0.5948587210537454)	(12000, 0.5948587210537454)	(13000, 0.5948587210537454)	(14000, 0.5948587210537454)	(15000, 0.5948587210537454)	(16000, 0.5948587210537454)	(17000, 0.5948587210537454)	(18000, 0.5948587210537454)	(19000, 0.5948587210537454)	(20000, 0.5948587210537454)	(21000, 0.5948587210537454)	(22000, 0.6030592734225556)	(23000, 0.616103675377087)	(24000, 0.616103675377087)	(25000, 0.616103675377087)	(26000, 0.616103675377087)	(27000, 0.616103675377087)	(28000, 0.616103675377087)	(29000, 0.616103675377087)	(30000, 0.616103675377087)	(31000, 0.616103675377087)	(32000, 0.616103675377087)	(33000, 0.616103675377087)	(34000, 0.616103675377087)	(35000, 0.6161036753770877)																													
dorado_barcode14 - polyg	(1, 0.0)	(2, 0.0)	(3, 0.0)	(4, 0.0)	(5, 0.0)	(6, 0.0)	(7, 0.0)	(8, 0.0)	(9, 0.0)	(10, 0.10126761560796017)	(1000, 0.19424261737837195)	(2000, 0.22387932865944007)	(3000, 0.2336944975568273)	(4000, 0.2336944975568273)	(5000, 0.2336944975568273)	(6000, 0.2336944975568273)	(7000, 0.2336944975568273)	(8000, 0.2336944975568273)	(9000, 0.2336944975568273)	(10000, 0.2336944975568273)	(11000, 0.2336944975568273)	(12000, 0.2336944975568273)	(13000, 0.2336944975568273)	(14000, 0.2336944975568273)	(15000, 0.2336944975568273)	(16000, 0.2336944975568273)	(17000, 0.2336944975568273)	(18000, 0.2336944975568273)	(19000, 0.2336944975568273)	(20000, 0.2336944975568273)	(21000, 0.2336944975568273)	(22000, 0.2336944975568273)	(23000, 0.2336944975568273)	(24000, 0.2336944975568273)	(25000, 0.2336944975568273)	(26000, 0.2336944975568273)	(27000, 0.2336944975568273)	(28000, 0.2336944975568273)	(29000, 0.2336944975568273)	(30000, 0.2336944975568273)	(31000, 0.2336944975568273)	(32000, 0.2336944975568273)	(33000, 0.2336944975568273)	(34000, 0.2336944975568273)	(35000, 0.2336944975568274)																													
dorado_barcode15 - polya	(1, 0.0)	(2, 0.003176317377632373)	(3, 0.003176317377632373)	(4, 0.006352634755264746)	(5, 0.009528952132897119)	(6, 0.012705269510529492)	(7, 0.015881586888161867)	(8, 0.019057904265794238)	(9, 0.019057904265794238)	(10, 0.30317869562531613)	(2000, 0.4964726995521418)	(4000, 0.5827319505765088)	(6000, 0.6031874344884481)	(8000, 0.6191119016611857)	(10000, 0.6310897944922484)	(12000, 0.6347743226503166)	(14000, 0.637040625099272)	(16000, 0.641616110281734)	(18000, 0.641616110281734)	(20000, 0.6441984563097646)	(22000, 0.6469030905567933)	(24000, 0.6497871867357043)	(26000, 0.651145062414639)	(28000, 0.651145062414639)	(30000, 0.651145062414639)	(32000, 0.651145062414639)	(34000, 0.651145062414639)	(36000, 0.651145062414639)	(38000, 0.651145062414639)	(40000, 0.651145062414639)	(42000, 0.651145062414639)	(44000, 0.651145062414639)	(46000, 0.651145062414639)	(48000, 0.651145062414639)	(50000, 0.651145062414639)	(52000, 0.651145062414639)	(54000, 0.651145062414639)	(56000, 0.651145062414639)	(58000, 0.651145062414639)	(60000, 0.651145062414639)	(62000, 0.651145062414639)	(64000, 0.651145062414639)	(66000, 0.651145062414639)	(68000, 0.651145062414639)	(70000, 0.6511450624146332)																													
dorado_barcode15 - polyg	(1, 0.0)	(2, 0.0)	(3, 0.0)	(4, 0.0)	(5, 0.003176317377632373)	(6, 0.003176317377632373)	(7, 0.003176317377632373)	(8, 0.003176317377632373)	(9, 0.003176317377632373)	(10, 0.18866048311627762)	(2000, 0.3320236318012935)	(4000, 0.3743242384779086)	(6000, 0.38433440269352376)	(8000, 0.3870088619254733)	(10000, 0.3952371120922527)	(12000, 0.39703967220406416)	(14000, 0.39703967220406416)	(16000, 0.39703967220406416)	(18000, 0.39703967220406416)	(20000, 0.3996013721690887)	(22000, 0.40021598958166105)	(24000, 0.40021598958166105)	(26000, 0.40021598958166105)	(28000, 0.40021598958166105)	(30000, 0.40021598958166105)	(32000, 0.40021598958166105)	(34000, 0.40021598958166105)	(36000, 0.40021598958166105)	(38000, 0.40021598958166105)	(40000, 0.40021598958166105)	(42000, 0.40021598958166105)	(44000, 0.40021598958166105)	(46000, 0.40021598958166105)	(48000, 0.40021598958166105)	(50000, 0.40021598958166105)	(52000, 0.40021598958166105)	(54000, 0.40021598958166105)	(56000, 0.40021598958166105)	(58000, 0.40021598958166105)	(60000, 0.40021598958166105)	(62000, 0.40021598958166105)	(64000, 0.40021598958166105)	(66000, 0.40021598958166105)	(68000, 0.40021598958166105)	(70000, 0.400215989581681)																													
dorado_barcode16 - polya	(1, 0.0)	(2, 0.0)	(3, 0.0)	(4, 0.0)	(5, 0.0)	(6, 0.0)	(7, 0.0)	(8, 0.0)	(9, 0.0)	(10, 0.08790698445870906)	(1000, 0.35484400656813686)	(2000, 0.4926108374384175)	(3000, 0.4926108374384175)	(4000, 0.4926108374384175)	(5000, 0.4926108374384175)	(6000, 0.4926108374384175)	(7000, 0.4926108374384175)	(8000, 0.4926108374384175)	(9000, 0.4926108374384175)	(10000, 0.4926108374384175)	(11000, 0.4926108374384175)	(12000, 0.4926108374384175)	(13000, 0.4926108374384175)	(14000, 0.4926108374384175)	(15000, 0.4926108374384175)	(16000, 0.4926108374384175)	(17000, 0.4926108374384175)	(18000, 0.4926108374384175)	(19000, 0.4926108374384175)	(20000, 0.4926108374384175)	(21000, 0.4926108374384175)	(22000, 0.4926108374384175)	(23000, 0.4926108374384175)	(24000, 0.4926108374384175)	(25000, 0.4926108374384175)	(26000, 0.4926108374384175)	(27000, 0.4926108374384175)	(28000, 0.4926108374384175)	(29000, 0.4926108374384175)	(30000, 0.4926108374384175)	(31000, 0.4926108374384175)	(32000, 0.4926108374384175)	(33000, 0.4926108374384175)	(34000, 0.4926108374384175)	(35000, 0.4926108374384175)	(36000, 0.4926108374384175)	(37000, 0.4926108374384183)																											
dorado_barcode16 - polyg	(1, 0.0)	(2, 0.0)	(3, 0.0)	(4, 0.0)	(5, 0.0)	(6, 0.0)	(7, 0.0)	(8, 0.0)	(9, 0.0)	(10, 0.2607354331492221)	(1000, 0.3284072249589424)	(2000, 0.3284072249589424)	(3000, 0.3284072249589424)	(4000, 0.3284072249589424)	(5000, 0.3284072249589424)	(6000, 0.3284072249589424)	(7000, 0.3284072249589424)	(8000, 0.3284072249589424)	(9000, 0.3284072249589424)	(10000, 0.3284072249589424)	(11000, 0.3284072249589424)	(12000, 0.3284072249589424)	(13000, 0.3284072249589424)	(14000, 0.3284072249589424)	(15000, 0.3284072249589424)	(16000, 0.3284072249589424)	(17000, 0.3284072249589424)	(18000, 0.3284072249589424)	(19000, 0.3284072249589424)	(20000, 0.3284072249589424)	(21000, 0.3284072249589424)	(22000, 0.3284072249589424)	(23000, 0.3284072249589424)	(24000, 0.3284072249589424)	(25000, 0.3284072249589424)	(26000, 0.3284072249589424)	(27000, 0.3284072249589424)	(28000, 0.3284072249589424)	(29000, 0.3284072249589424)	(30000, 0.3284072249589424)	(31000, 0.3284072249589424)	(32000, 0.3284072249589424)	(33000, 0.3284072249589424)	(34000, 0.3284072249589424)	(35000, 0.3284072249589424)	(36000, 0.3284072249589424)	(37000, 0.3284072249589428)																											
dorado_barcode17 - polya	(1, 0.011652845971422182)	(2, 0.013437516075153508)	(3, 0.015169695881716265)	(4, 0.017006856282616157)	(5, 0.019736351735381713)	(6, 0.021730983027787313)	(7, 0.023673124023024343)	(8, 0.02577273590976708)	(9, 0.02771487690500411)	(10, 0.872199584717582)	(10000, 0.9761055033976245)	(20000, 0.9784021796070834)	(30000, 0.9786228383185158)	(40000, 0.9786914903781014)	(50000, 0.9787927651574195)	(60000, 0.9789367565404548)	(70000, 0.9789965324908279)	(80000, 0.9789965324908279)	(90000, 0.9790254021542294)	(100000, 0.9790490227880213)	(110000, 0.979063405129425)	(120000, 0.9791380410828722)	(130000, 0.9791540033822513)	(140000, 0.9791540033822513)	(150000, 0.9791540033822513)	(160000, 0.9791540033822513)	(170000, 0.9791540033822513)	(180000, 0.9791540033822513)	(190000, 0.9791540033822513)	(200000, 0.9791540033822513)	(210000, 0.9791540033822513)	(220000, 0.9791540033822513)	(230000, 0.9791540033822513)	(240000, 0.9791540033822513)	(250000, 0.9791540033822513)	(260000, 0.9791540033822513)	(270000, 0.9791540033822513)	(280000, 0.9791540033822513)	(290000, 0.9791540033822513)	(300000, 0.9791540033822513)	(310000, 0.9791540033822513)	(320000, 0.9791540033822513)	(330000, 0.9791540033822513)	(340000, 0.9791540033822513)	(350000, 0.9791540033822513)	(360000, 0.9791540033822513)	(370000, 0.9791540033822513)	(380000, 0.9791540033822513)	(390000, 0.9791540033822513)	(400000, 0.9791540033822513)	(410000, 0.9791540033822513)	(420000, 0.9791540033822513)	(430000, 0.9791540033822513)	(440000, 0.9791540033822513)	(450000, 0.9791540033822513)	(460000, 0.9791540033822513)	(470000, 0.9791540033822513)	(480000, 0.9791540033822513)	(490000, 0.9791540033822513)	(500000, 0.9791540033822513)	(510000, 0.9791540033822513)	(520000, 0.9791540033822513)	(530000, 0.9791540033822513)	(540000, 0.9791540033822513)	(550000, 0.9791540033822513)	(560000, 0.9791540033822513)	(570000, 0.9791540033822513)	(580000, 0.9791540033822513)	(590000, 0.9791540033822513)	(600000, 0.9791540033825064)				
dorado_barcode17 - polyg	(1, 0.006928719226251027)	(2, 0.007506112495105279)	(3, 0.008660899032813784)	(4, 0.009815685570522288)	(5, 0.010655530325219383)	(6, 0.011547865377085046)	(7, 0.012440200428950709)	(8, 0.01301759369780496)	(9, 0.01364747726382778)	(10, 0.567141798222964)	(10000, 0.6227249340459373)	(20000, 0.623668289666515)	(30000, 0.6238673433715802)	(40000, 0.6239736152272993)	(50000, 0.6240347664234652)	(60000, 0.6240571430371334)	(70000, 0.6240571430371334)	(80000, 0.6240571430371334)	(90000, 0.6240737194729556)	(100000, 0.6241096333342331)	(110000, 0.6241096333342331)	(120000, 0.6241096333342331)	(130000, 0.6241096333342331)	(140000, 0.6241096333342331)	(150000, 0.6241354165681655)	(160000, 0.6241621236313785)	(170000, 0.6241621236313785)	(180000, 0.6241621236313785)	(190000, 0.6241621236313785)	(200000, 0.6241867048375075)	(210000, 0.6242146139284893)	(220000, 0.6242146139284893)	(230000, 0.6242146139284893)	(240000, 0.6242146139284893)	(250000, 0.6242146139284893)	(260000, 0.6242146139284893)	(270000, 0.6242146139284893)	(280000, 0.6242146139284893)	(290000, 0.6242146139284893)	(300000, 0.6242146139284893)	(310000, 0.6242146139284893)	(320000, 0.6242146139284893)	(330000, 0.6242146139284893)	(340000, 0.6242146139284893)	(350000, 0.6242146139284893)	(360000, 0.6242146139284893)	(370000, 0.6242146139284893)	(380000, 0.6242146139284893)	(390000, 0.6242146139284893)	(400000, 0.6242146139284893)	(410000, 0.6242146139284893)	(420000, 0.6242146139284893)	(430000, 0.6242146139284893)	(440000, 0.6242146139284893)	(450000, 0.6242146139284893)	(460000, 0.6242146139284893)	(470000, 0.6242146139284893)	(480000, 0.6242146139284893)	(490000, 0.6242146139284893)	(500000, 0.6242146139284893)	(510000, 0.6242146139284893)	(520000, 0.6242146139284893)	(530000, 0.6242146139284893)	(540000, 0.6242146139284893)	(550000, 0.6242146139284893)	(560000, 0.6242146139284893)	(570000, 0.6242146139284893)	(580000, 0.6242146139284893)	(590000, 0.6242146139284893)	(600000, 0.6242146139286382)				
dorado_barcode18 - polya	(1, 0.01708353211113383)	(2, 0.01890092914423317)	(3, 0.02244485335877689)	(4, 0.024898339353461005)	(5, 0.027806174606419955)	(6, 0.0298961811944842)	(7, 0.03189531793089348)	(8, 0.03425793407392262)	(9, 0.03607533110702197)	(10, 0.9413809365829936)	(10000, 1.0468713237465341)	(20000, 1.0495916217997376)	(30000, 1.0500646811604357)	(40000, 1.0502737454280606)	(50000, 1.050429160135537)	(60000, 1.0504554851315602)	(70000, 1.0504554851315602)	(80000, 1.0505933074353528)	(90000, 1.0506372248346558)	(100000, 1.0506372248346558)	(110000, 1.0506372248346558)	(120000, 1.0506372248346558)	(130000, 1.0506372248346558)	(140000, 1.050686721642895)	(150000, 1.0507280946863795)	(160000, 1.0507533019835011)	(170000, 1.0508189645381503)	(180000, 1.0508189645381503)	(190000, 1.0508189645381503)	(200000, 1.0508189645381503)	(210000, 1.0508189645381503)	(220000, 1.0508189645381503)	(230000, 1.0508189645381503)	(240000, 1.0508589109249336)	(250000, 1.0509098343898742)	(260000, 1.0509098343898742)	(270000, 1.0509098343898742)	(280000, 1.0509098343898742)	(290000, 1.0509098343898742)	(300000, 1.0509098343898742)	(310000, 1.0509098343898742)	(320000, 1.0509098343898742)	(330000, 1.0509098343898742)	(340000, 1.0509098343898742)	(350000, 1.0509098343898742)	(360000, 1.0509098343898742)	(370000, 1.0509098343898742)	(380000, 1.0509098343898742)	(390000, 1.0509098343898742)	(400000, 1.0509098343898742)	(410000, 1.0509098343898742)	(420000, 1.0509098343898742)	(430000, 1.0509098343898742)	(440000, 1.0509098343898742)	(450000, 1.0509098343898742)	(460000, 1.0509098343898742)	(470000, 1.0509098343898742)	(480000, 1.0509098343898742)	(490000, 1.0509098343898742)	(500000, 1.0509098343898742)	(510000, 1.0509098343898742)	(520000, 1.0509098343898742)	(530000, 1.0509098343898742)	(540000, 1.0509098343898675)										
dorado_barcode18 - polyg	(1, 0.0121765601217656)	(2, 0.013448738044935142)	(3, 0.015902224039619255)	(4, 0.01762875122106363)	(5, 0.01962788795747291)	(6, 0.02144528499057225)	(7, 0.023353551875326565)	(8, 0.02607964742497558)	(9, 0.028351393716349756)	(10, 1.1312560294227487)	(10000, 1.22833547331838)	(20000, 1.2293926349985729)	(30000, 1.229469092891909)	(40000, 1.229469092891909)	(50000, 1.229504904700264)	(60000, 1.229559962743253)	(70000, 1.229712415093665)	(80000, 1.2297417024468515)	(90000, 1.2297417024468515)	(100000, 1.2297417024468515)	(110000, 1.2297417024468515)	(120000, 1.2298063381723277)	(130000, 1.2298325722984984)	(140000, 1.2298325722984984)	(150000, 1.2298325722984984)	(160000, 1.2298325722984984)	(170000, 1.2298325722984984)	(180000, 1.2298325722984984)	(190000, 1.2298325722984984)	(200000, 1.229861659737865)	(210000, 1.2299234421498422)	(220000, 1.2299234421498422)	(230000, 1.2299234421498422)	(240000, 1.2299234421498422)	(250000, 1.2299234421498422)	(260000, 1.2299234421498422)	(270000, 1.2299786183237345)	(280000, 1.2300143120014932)	(290000, 1.2300143120014932)	(300000, 1.2300143120014932)	(310000, 1.2300143120014932)	(320000, 1.2300143120014932)	(330000, 1.2300143120014932)	(340000, 1.2300143120014932)	(350000, 1.2300143120014932)	(360000, 1.2300143120014932)	(370000, 1.2300143120014932)	(380000, 1.2300143120014932)	(390000, 1.2300143120014932)	(400000, 1.2300143120014932)	(410000, 1.2300143120014932)	(420000, 1.2300143120014932)	(430000, 1.2300143120014932)	(440000, 1.2300143120014932)	(450000, 1.2300143120014932)	(460000, 1.2300143120014932)	(470000, 1.2300143120014932)	(480000, 1.2300143120014932)	(490000, 1.2300143120014932)	(500000, 1.2300143120014932)	(510000, 1.2300143120014932)	(520000, 1.2300143120014932)	(530000, 1.2300143120014932)	(540000, 1.2300143120015132)										
dorado_barcode19 - polya	(1, 0.0)	(2, 0.0)	(3, 0.0)	(4, 0.0)	(5, 0.0)	(6, 0.0)	(7, 0.0)	(8, 0.0)	(9, 0.0)	(10, 0.11351286076560838)	(500, 0.37822485207100376)	(1000, 0.47337278106508635)	(1500, 0.47337278106508635)	(2000, 0.47337278106508635)	(2500, 0.47337278106508635)	(3000, 0.5280473372781072)	(3500, 0.591715976331362)	(4000, 0.591715976331362)	(4500, 0.591715976331362)	(5000, 0.591715976331362)	(5500, 0.591715976331362)	(6000, 0.591715976331362)	(6500, 0.591715976331362)	(7000, 0.591715976331362)	(7500, 0.591715976331362)	(8000, 0.591715976331362)	(8500, 0.591715976331362)	(9000, 0.591715976331362)	(9500, 0.591715976331362)	(10000, 0.591715976331362)	(10500, 0.591715976331362)	(11000, 0.591715976331362)	(11500, 0.591715976331362)	(12000, 0.591715976331362)	(12500, 0.591715976331362)	(13000, 0.591715976331362)	(13500, 0.591715976331362)	(14000, 0.591715976331362)	(14500, 0.591715976331362)	(15000, 0.591715976331362)	(15500, 0.591715976331362)	(16000, 0.591715976331362)	(16500, 0.591715976331362)	(17000, 0.591715976331362)	(17500, 0.591715976331362)	(18000, 0.591715976331362)	(18500, 0.591715976331362)	(19000, 0.591715976331362)	(19500, 0.591715976331362)	(20000, 0.591715976331362)	(20500, 0.591715976331362)	(21000, 0.591715976331362)	(21500, 0.591715976331362)	(22000, 0.591715976331362)	(22500, 0.591715976331362)	(23000, 0.591715976331362)	(23500, 0.591715976331362)	(24000, 0.591715976331362)	(24500, 0.591715976331362)	(25000, 0.591715976331362)	(25500, 0.591715976331362)	(26000, 0.591715976331362)	(26500, 0.591715976331362)	(27000, 0.591715976331362)	(27500, 0.591715976331362)	(28000, 0.5917159763313588)								
dorado_barcode19 - polyg	(1, 0.0)	(2, 0.0)	(3, 0.0)	(4, 0.0)	(5, 0.0)	(6, 0.0)	(7, 0.0)	(8, 0.0)	(9, 0.0)	(10, 0.16302378939741638)	(500, 0.23668639053254317)	(1000, 0.23668639053254317)	(1500, 0.23668639053254317)	(2000, 0.29467455621301725)	(2500, 0.3550295857988134)	(3000, 0.3550295857988134)	(3500, 0.3550295857988134)	(4000, 0.3550295857988134)	(4500, 0.3550295857988134)	(5000, 0.3550295857988134)	(5500, 0.3550295857988134)	(6000, 0.3550295857988134)	(6500, 0.3550295857988134)	(7000, 0.3550295857988134)	(7500, 0.3550295857988134)	(8000, 0.3550295857988134)	(8500, 0.3550295857988134)	(9000, 0.3550295857988134)	(9500, 0.3550295857988134)	(10000, 0.3550295857988134)	(10500, 0.3550295857988134)	(11000, 0.3550295857988134)	(11500, 0.3550295857988134)	(12000, 0.3550295857988134)	(12500, 0.3550295857988134)	(13000, 0.3550295857988134)	(13500, 0.3550295857988134)	(14000, 0.3550295857988134)	(14500, 0.3550295857988134)	(15000, 0.3550295857988134)	(15500, 0.3550295857988134)	(16000, 0.3550295857988134)	(16500, 0.3550295857988134)	(17000, 0.3550295857988134)	(17500, 0.3550295857988134)	(18000, 0.3550295857988134)	(18500, 0.3550295857988134)	(19000, 0.3550295857988134)	(19500, 0.3550295857988134)	(20000, 0.3550295857988134)	(20500, 0.3550295857988134)	(21000, 0.3550295857988134)	(21500, 0.3550295857988134)	(22000, 0.3550295857988134)	(22500, 0.3550295857988134)	(23000, 0.3550295857988134)	(23500, 0.3550295857988134)	(24000, 0.3550295857988134)	(24500, 0.3550295857988134)	(25000, 0.3550295857988134)	(25500, 0.3550295857988134)	(26000, 0.3550295857988134)	(26500, 0.3550295857988134)	(27000, 0.3550295857988134)	(27500, 0.3550295857988134)	(28000, 0.3550295857988171)								
dorado_barcode20 - polya	(1, 0.0114785093930319)	(2, 0.0114785093930319)	(3, 0.011671967416509966)	(4, 0.01180093943216201)	(5, 0.012316827494770186)	(6, 0.012703743541726317)	(7, 0.013413089627812557)	(8, 0.013735519666942668)	(9, 0.013993463698246755)	(10, 0.2730351797631624)	(20000, 0.39893670633844486)	(40000, 0.4097519320007008)	(60000, 0.4103317192486629)	(80000, 0.41038895380466894)	(100000, 0.4104652149577054)	(120000, 0.4105179258203971)	(140000, 0.4105179258203971)	(160000, 0.4105179258203971)	(180000, 0.4105179258203971)	(200000, 0.4105278889086857)	(220000, 0.4105824118285007)	(240000, 0.4105824118285007)	(260000, 0.4105824118285007)	(280000, 0.4105824118285007)	(300000, 0.4105824118285007)	(320000, 0.4105824118285007)	(340000, 0.4105824118285007)	(360000, 0.4105824118285007)	(380000, 0.4105824118285007)	(400000, 0.4105824118285007)	(420000, 0.4105824118285007)	(440000, 0.4105824118285007)	(460000, 0.4105824118285007)	(480000, 0.4105824118285007)	(500000, 0.4105824118285007)	(520000, 0.4105824118285007)	(540000, 0.4105824118285007)	(560000, 0.4105824118285007)	(580000, 0.4105824118285007)	(600000, 0.4105824118285007)	(620000, 0.4105824118285007)	(640000, 0.4105824118285007)	(660000, 0.41058241182838684)																															
dorado_barcode20 - polyg	(1, 0.00012897201565204383)	(2, 0.00012897201565204383)	(3, 0.00012897201565204383)	(4, 0.00019345802347806574)	(5, 0.00019345802347806574)	(6, 0.00019345802347806574)	(7, 0.00019345802347806574)	(8, 0.00019345802347806574)	(9, 0.00025794403130408765)	(10, 0.07261020606800538)	(20000, 0.11066202947782999)	(40000, 0.11320217524198634)	(60000, 0.11350633961943433)	(80000, 0.11362434578949075)	(100000, 0.11366807375142393)	(120000, 0.11368883179733866)	(140000, 0.11368883179733866)	(160000, 0.11368883179733866)	(180000, 0.11368883179733866)	(200000, 0.11368883179733866)	(220000, 0.11368883179733866)	(240000, 0.11368883179733866)	(260000, 0.11368883179733866)	(280000, 0.11368883179733866)	(300000, 0.11368883179733866)	(320000, 0.11368883179733866)	(340000, 0.11368883179733866)	(360000, 0.11368883179733866)	(380000, 0.11368883179733866)	(400000, 0.11368883179733866)	(420000, 0.11368883179733866)	(440000, 0.11368883179733866)	(460000, 0.11368883179733866)	(480000, 0.11368883179733866)	(500000, 0.11368883179733866)	(520000, 0.11368883179733866)	(540000, 0.11368883179733866)	(560000, 0.11368883179733866)	(580000, 0.11368883179733866)	(600000, 0.11368883179733866)	(620000, 0.11368883179733866)	(640000, 0.11368883179733866)	(660000, 0.11368883179731296)																															
dorado_barcode24 - polya	(1, 0.0)	(2, 0.0)	(3, 0.0)	(4, 0.0)	(5, 0.0)	(6, 0.0)	(7, 0.0)	(8, 0.0)	(9, 0.0)	(10, 0.0)	(200, 0.0)	(400, 0.0)	(600, 0.0)	(800, 51.5)	(1000, 100.0)	(1200, 100.0)	(1400, 100.0)	(1600, 100.0)	(1800, 100.0)	(2000, 100.0)	(2200, 100.0)	(2400, 100.0)	(2600, 100.0)	(2800, 100.0)	(3000, 100.0)	(3200, 100.0)	(3400, 100.0)	(3600, 100.0)	(3800, 100.0)	(4000, 100.0)	(4200, 100.0)	(4400, 100.0)	(4600, 100.0)	(4800, 100.0)	(5000, 100.0)	(5200, 100.0)	(5400, 100.0)	(5600, 100.0)	(5800, 100.0)	(6000, 100.0)	(6200, 100.0)	(6400, 100.0)	(6600, 100.0)	(6800, 100.0)	(7000, 100.0)	(7200, 100.0)	(7400, 100.0)	(7600, 100.0)	(7800, 100.0)	(8000, 100.0)	(8200, 100.0)	(8400, 100.0)	(8600, 100.0)	(8800, 100.0)	(9000, 100.0)	(9200, 100.0)	(9400, 100.0)	(9600, 100.0)	(9800, 100.0)	(10000, 100.0)	(10200, 100.0)	(10400, 100.0)	(10600, 100.0)	(10800, 100.0)	(11000, 100.0)	(11200, 100.0)	(11400, 100.0)							
dorado_unclassified - polya	(1, 2.771897165680723)	(2, 2.7834485883939304)	(3, 2.7905571562174423)	(4, 2.7974435812964695)	(5, 2.8063292910758597)	(6, 2.8181028565335513)	(7, 2.8307649929691823)	(8, 2.845204271360691)	(9, 2.8525349819286876)	(10, 9.153092532769067)	(20000, 9.879475798659024)	(40000, 9.927600802824223)	(60000, 9.93643676373624)	(80000, 9.94050373088667)	(100000, 9.942465562321251)	(120000, 9.942887100391541)	(140000, 9.94295583136046)	(160000, 9.943404948451205)	(180000, 9.943993282404277)	(200000, 9.944522726309874)	(220000, 9.94488638509214)	(240000, 9.944890172626142)	(260000, 9.945261850755513)	(280000, 9.94533067057856)	(300000, 9.94533067057856)	(320000, 9.94533067057856)	(340000, 9.94533067057856)	(360000, 9.94533067057856)	(380000, 9.94533067057856)	(400000, 9.94533067057856)	(420000, 9.94533067057856)	(440000, 9.94533067057856)	(460000, 9.94533067057856)	(480000, 9.94533067057856)	(500000, 9.94533067057856)	(520000, 9.94533067057856)	(540000, 9.94533067057856)	(560000, 9.94533067057856)	(580000, 9.94533067057856)	(600000, 9.94533067057856)	(620000, 9.94533067057856)	(640000, 9.94533067057856)	(660000, 9.94533067057856)	(680000, 9.94533067057856)	(700000, 9.94533067057856)	(720000, 9.94533067057856)	(740000, 9.945330670582962)																											
dorado_unclassified - polyg	(1, 0.02865641403853288)	(2, 0.029544985016471886)	(3, 0.030433555994410888)	(4, 0.031322126972349894)	(5, 0.03332141167271265)	(6, 0.034432125395136404)	(7, 0.03487641088410591)	(8, 0.036209267351014415)	(9, 0.03820855205137717)	(10, 1.3367855930871015)	(20000, 1.5311228427161103)	(40000, 1.5541248131223913)	(60000, 1.5601381838945454)	(80000, 1.5617697446021421)	(100000, 1.5632351536451234)	(120000, 1.5638364496252033)	(140000, 1.5642715161911007)	(160000, 1.5646865121593727)	(180000, 1.5647734921510659)	(200000, 1.5647734921510659)	(220000, 1.5647734921510659)	(240000, 1.5647734921510659)	(260000, 1.5647734921510659)	(280000, 1.5647734921510659)	(300000, 1.5647734921510659)	(320000, 1.5647734921510659)	(340000, 1.5647734921510659)	(360000, 1.5647734921510659)	(380000, 1.5647734921510659)	(400000, 1.5647734921510659)	(420000, 1.5647734921510659)	(440000, 1.5647734921510659)	(460000, 1.5647734921510659)	(480000, 1.5647734921510659)	(500000, 1.5647734921510659)	(520000, 1.5647734921510659)	(540000, 1.5647734921510659)	(560000, 1.5647734921510659)	(580000, 1.5647734921510659)	(600000, 1.5647734921510659)	(620000, 1.5647734921510659)	(640000, 1.5647734921510659)	(660000, 1.5647734921510659)	(680000, 1.5647734921510659)	(700000, 1.5647734921510659)	(720000, 1.5647734921510659)	(740000, 1.564773492150462)																											
minknow_barcode01 - polya	(1, 0.0)	(2, 0.0)	(3, 0.0)	(4, 0.0)	(5, 0.0)	(6, 0.0)	(7, 0.0)	(8, 0.0)	(9, 0.0)	(10, 0.36001563496471295)	(1000, 0.40733197556007267)	(2000, 0.5661914460285151)	(3000, 0.6109979633401211)	(4000, 0.6109979633401211)	(5000, 0.6109979633401211)	(6000, 0.7386965376781931)	(7000, 0.8146639511201453)	(8000, 0.8146639511201453)	(9000, 0.8146639511201453)	(10000, 0.8146639511201453)	(11000, 0.8146639511201453)	(12000, 0.8146639511201453)	(13000, 0.8146639511201453)	(14000, 0.8146639511201453)	(15000, 0.8146639511201453)	(16000, 0.8146639511201453)	(17000, 0.8146639511201453)	(18000, 0.8146639511201453)	(19000, 0.8146639511201453)	(20000, 0.8146639511201453)	(21000, 0.8146639511201453)	(22000, 0.8146639511201453)	(23000, 0.8146639511201453)	(24000, 0.8146639511201453)	(25000, 0.8146639511201453)	(26000, 0.8146639511201453)	(27000, 0.8146639511201453)	(28000, 0.8146639511201453)	(29000, 0.8146639511201453)	(30000, 0.8146639511201453)	(31000, 0.8146639511201453)	(32000, 0.8146639511201453)	(33000, 0.8146639511201453)	(34000, 0.8146639511201453)	(35000, 0.8146639511201453)	(36000, 0.8146639511201453)	(37000, 0.8146639511201453)	(38000, 0.8146639511201453)	(39000, 0.8146639511201453)	(40000, 0.8146639511201453)	(41000, 0.8146639511201453)	(42000, 0.8146639511201642)																						
minknow_barcode01 - polyg	(1, 0.0)	(2, 0.0)	(3, 0.0)	(4, 0.0)	(5, 0.0)	(6, 0.0)	(7, 0.0)	(8, 0.0)	(9, 0.0)	(10, 0.0)	(1000, 0.0)	(2000, 0.0)	(3000, 0.0)	(4000, 0.0)	(5000, 0.0)	(6000, 0.0)	(7000, 0.0)	(8000, 0.0)	(9000, 0.0)	(10000, 0.0)	(11000, 0.0)	(12000, 0.15560081466394984)	(13000, 0.20366598778003633)	(14000, 0.20366598778003633)	(15000, 0.20366598778003633)	(16000, 0.20366598778003633)	(17000, 0.20366598778003633)	(18000, 0.20366598778003633)	(19000, 0.20366598778003633)	(20000, 0.20366598778003633)	(21000, 0.20366598778003633)	(22000, 0.20366598778003633)	(23000, 0.20366598778003633)	(24000, 0.20366598778003633)	(25000, 0.20366598778003633)	(26000, 0.20366598778003633)	(27000, 0.20366598778003633)	(28000, 0.20366598778003633)	(29000, 0.20366598778003633)	(30000, 0.20366598778003633)	(31000, 0.20366598778003633)	(32000, 0.20366598778003633)	(33000, 0.20366598778003633)	(34000, 0.20366598778003633)	(35000, 0.20366598778003633)	(36000, 0.20366598778003633)	(37000, 0.20366598778003633)	(38000, 0.20366598778003633)	(39000, 0.20366598778003633)	(40000, 0.20366598778003633)	(41000, 0.20366598778003633)	(42000, 0.20366598778004105)																						
minknow_barcode02 - polya	(1, 0.001782086466835371)	(2, 0.001782086466835371)	(3, 0.001782086466835371)	(4, 0.003564172933670742)	(5, 0.003564172933670742)	(6, 0.003564172933670742)	(7, 0.003564172933670742)	(8, 0.003564172933670742)	(9, 0.003564172933670742)	(10, 0.2650723768896155)	(2000, 0.476298249991088)	(4000, 0.5557917810172114)	(6000, 0.5893832198738213)	(8000, 0.6022062230459414)	(10000, 0.6093586270805579)	(12000, 0.611255658124511)	(14000, 0.6124950992622028)	(16000, 0.6130377445913561)	(18000, 0.6130377445913561)	(20000, 0.6130377445913561)	(22000, 0.6130377445913561)	(24000, 0.6130377445913561)	(26000, 0.6130377445913561)	(28000, 0.6130377445913561)	(30000, 0.6130377445913561)	(32000, 0.6130377445913561)	(34000, 0.6130377445913561)	(36000, 0.6130377445913561)	(38000, 0.6130377445913561)	(40000, 0.6130377445913561)	(42000, 0.6130377445913561)	(44000, 0.6130377445913561)	(46000, 0.6130377445913561)	(48000, 0.6130377445913561)	(50000, 0.6130377445913561)	(52000, 0.6130377445913561)	(54000, 0.6130377445913561)	(56000, 0.6130377445913561)	(58000, 0.6130377445913561)	(60000, 0.6130377445913561)	(62000, 0.6130377445913561)	(64000, 0.6130377445913712)																																
minknow_barcode02 - polyg	(1, 0.001782086466835371)	(2, 0.003564172933670742)	(3, 0.003564172933670742)	(4, 0.003564172933670742)	(5, 0.003564172933670742)	(6, 0.003564172933670742)	(7, 0.003564172933670742)	(8, 0.003564172933670742)	(9, 0.003564172933670742)	(10, 0.20306472305212073)	(2000, 0.36226164593506166)	(4000, 0.40440175357309016)	(6000, 0.4220158962112992)	(8000, 0.42993370638342904)	(10000, 0.43406725594325274)	(12000, 0.4348290979078245)	(14000, 0.4348290979078245)	(16000, 0.4348290979078245)	(18000, 0.4348290979078245)	(20000, 0.4348290979078245)	(22000, 0.4348290979078245)	(24000, 0.4348290979078245)	(26000, 0.4348290979078245)	(28000, 0.4348290979078245)	(30000, 0.4348290979078245)	(32000, 0.4348290979078245)	(34000, 0.4348290979078245)	(36000, 0.4348290979078245)	(38000, 0.4348290979078245)	(40000, 0.4348290979078245)	(42000, 0.4348290979078245)	(44000, 0.4348290979078245)	(46000, 0.4348290979078245)	(48000, 0.4348290979078245)	(50000, 0.4348290979078245)	(52000, 0.4348290979078245)	(54000, 0.4348290979078245)	(56000, 0.4348290979078245)	(58000, 0.4348290979078245)	(60000, 0.4348290979078245)	(62000, 0.4348290979078245)	(64000, 0.4348290979078258)																																
minknow_barcode05 - polya	(1, 0.00033763480069417715)	(2, 0.0016881740034708857)	(3, 0.0027010784055534172)	(4, 0.0027010784055534172)	(5, 0.0027010784055534172)	(6, 0.0027010784055534172)	(7, 0.003713982807635949)	(8, 0.003713982807635949)	(9, 0.004051617608330125)	(10, 0.16162798474677972)	(2000, 0.3214916367859838)	(4000, 0.3942311717953354)	(6000, 0.42859851170579677)	(8000, 0.4407856086542548)	(10000, 0.4465275948922522)	(12000, 0.449678740487142)	(14000, 0.45117783900221053)	(16000, 0.45194612699119835)	(18000, 0.4520929981295013)	(20000, 0.4520929981295013)	(22000, 0.45242826948657217)	(24000, 0.452430632930177)	(26000, 0.452430632930177)	(28000, 0.452430632930177)	(30000, 0.452430632930177)	(32000, 0.452430632930177)	(34000, 0.45259674925214655)	(36000, 0.4527682677309011)	(38000, 0.4527682677309011)	(40000, 0.4527682677309011)	(42000, 0.4527682677309011)	(44000, 0.4527682677309011)	(46000, 0.4527682677309011)	(48000, 0.4527682677309011)	(50000, 0.4527682677309011)	(52000, 0.4527682677309011)	(54000, 0.4527682677309011)	(56000, 0.4527682677309011)	(58000, 0.4527682677309011)	(60000, 0.4527682677309011)	(62000, 0.4527682677309011)	(64000, 0.4527682677309011)	(66000, 0.4527682677309011)	(68000, 0.4527682677309011)	(70000, 0.4527682677309011)	(72000, 0.4527682677309011)	(74000, 0.4527682677309011)	(76000, 0.4527682677309011)	(78000, 0.4527682677309011)	(80000, 0.452768267730901)																								
minknow_barcode05 - polyg	(1, 0.0006752696013883543)	(2, 0.0013505392027767086)	(3, 0.0013505392027767086)	(4, 0.0013505392027767086)	(5, 0.0020258088041650627)	(6, 0.0020258088041650627)	(7, 0.0027010784055534172)	(8, 0.0030387132062475943)	(9, 0.0030387132062475943)	(10, 0.14664599187959412)	(2000, 0.27356235101864435)	(4000, 0.3197531551972139)	(6000, 0.33712362160592185)	(8000, 0.343974400529413)	(10000, 0.3485030961111295)	(12000, 0.3501134452930304)	(14000, 0.3511401927219452)	(16000, 0.3511401927219452)	(18000, 0.3511401927219452)	(20000, 0.3511401927219452)	(22000, 0.3511401927219452)	(24000, 0.3511401927219452)	(26000, 0.3511401927219452)	(28000, 0.3511401927219452)	(30000, 0.3511401927219452)	(32000, 0.3511401927219452)	(34000, 0.3511401927219452)	(36000, 0.3511401927219452)	(38000, 0.3511401927219452)	(40000, 0.3511401927219452)	(42000, 0.3511401927219452)	(44000, 0.3511401927219452)	(46000, 0.3511401927219452)	(48000, 0.3511401927219452)	(50000, 0.3511401927219452)	(52000, 0.3511401927219452)	(54000, 0.3511401927219452)	(56000, 0.3511401927219452)	(58000, 0.3511401927219452)	(60000, 0.3511401927219452)	(62000, 0.3511401927219452)	(64000, 0.3511401927219452)	(66000, 0.3511401927219452)	(68000, 0.3511401927219452)	(70000, 0.3511401927219452)	(72000, 0.3511401927219452)	(74000, 0.3511401927219452)	(76000, 0.3511401927219452)	(78000, 0.3511401927219452)	(80000, 0.35114019272194685)																								
minknow_barcode06 - polyg	(1, 0.0)	(2, 0.0)	(3, 0.0)	(4, 0.0)	(5, 0.0)	(6, 0.0)	(7, 0.0)	(8, 0.0)	(9, 0.0)	(10, 0.0)	(500, 0.0)	(1000, 0.0)	(1500, 0.0)	(2000, 0.0)	(2500, 0.0)	(3000, 0.0)	(3500, 0.0)	(4000, 1.4983050847457777)	(4500, 1.6949152542373096)	(5000, 1.6949152542373096)	(5500, 1.6949152542373096)	(6000, 1.6949152542373096)	(6500, 1.6949152542373096)	(7000, 1.6949152542373096)	(7500, 1.6949152542373096)	(8000, 1.6949152542373096)	(8500, 1.6949152542373096)	(9000, 1.6949152542373096)	(9500, 1.6949152542373096)	(10000, 1.6949152542373096)	(10500, 1.6949152542373096)	(11000, 1.6949152542373096)	(11500, 1.6949152542373096)	(12000, 1.6949152542373096)	(12500, 1.6949152542373096)	(13000, 1.6949152542373096)	(13500, 1.6949152542373096)	(14000, 1.6949152542373096)	(14500, 1.6949152542373096)	(15000, 1.6949152542373096)	(15500, 1.6949152542373096)	(16000, 1.6949152542373096)	(16500, 1.6949152542373096)	(17000, 1.6949152542373096)	(17500, 1.6949152542373096)	(18000, 1.6949152542373096)	(18500, 1.6949152542373096)	(19000, 1.6949152542373058)																										
minknow_barcode08 - polya	(1, 0.0)	(2, 0.0)	(3, 0.0)	(4, 0.0)	(5, 0.0)	(6, 0.0)	(7, 0.0)	(8, 0.0)	(9, 0.0)	(10, 0.0)	(500, 0.0)	(1000, 0.5671232876712319)	(1500, 1.3698630136986254)	(2000, 1.3698630136986254)	(2500, 1.3698630136986254)	(3000, 1.3698630136986254)	(3500, 1.3698630136986254)	(4000, 1.3698630136986254)	(4500, 1.3698630136986254)	(5000, 1.3698630136986254)	(5500, 1.3698630136986254)	(6000, 1.3698630136986254)	(6500, 1.3698630136986254)	(7000, 1.3698630136986254)	(7500, 1.3698630136986254)	(8000, 1.3698630136986254)	(8500, 1.7178082191780961)	(9000, 2.739726027397251)	(9500, 2.739726027397251)	(10000, 2.739726027397251)	(10500, 2.739726027397251)	(11000, 2.739726027397251)	(11500, 2.739726027397251)	(12000, 2.739726027397251)	(12500, 2.739726027397251)	(13000, 2.739726027397251)	(13500, 2.739726027397251)	(14000, 2.739726027397251)	(14500, 2.739726027397251)	(15000, 2.739726027397251)	(15500, 2.739726027397251)	(16000, 2.739726027397251)	(16500, 2.739726027397251)	(17000, 2.739726027397251)	(17500, 2.739726027397251)	(18000, 2.739726027397251)	(18500, 2.739726027397251)	(19000, 2.739726027397251)	(19500, 2.739726027397251)	(20000, 2.739726027397251)	(20500, 2.739726027397251)	(21000, 2.739726027397251)	(21500, 2.739726027397251)	(22000, 2.739726027397251)	(22500, 2.739726027397253)																			
minknow_barcode09 - polya	(1, 0.004874244492103724)	(2, 0.004874244492103724)	(3, 0.004874244492103724)	(4, 0.004874244492103724)	(5, 0.004874244492103724)	(6, 0.004874244492103724)	(7, 0.004874244492103724)	(8, 0.004874244492103724)	(9, 0.004874244492103724)	(10, 0.10732692493269629)	(1000, 0.20602944043673765)	(2000, 0.23455351920452575)	(3000, 0.2512234353675161)	(4000, 0.2593000584909283)	(5000, 0.26617761746928614)	(6000, 0.2680834470656986)	(7000, 0.2680834470656986)	(8000, 0.2680834470656986)	(9000, 0.2680834470656986)	(10000, 0.2680834470656986)	(11000, 0.2680834470656986)	(12000, 0.2680834470656986)	(13000, 0.2680834470656986)	(14000, 0.2680834470656986)	(15000, 0.2680834470656986)	(16000, 0.2680834470656986)	(17000, 0.2680834470656986)	(18000, 0.2680834470656986)	(19000, 0.2680834470656986)	(20000, 0.2680834470656986)	(21000, 0.2680834470656986)	(22000, 0.2680834470656986)	(23000, 0.2680834470656986)	(24000, 0.2680834470656986)	(25000, 0.2680834470656986)	(26000, 0.2680834470656986)	(27000, 0.2680834470656986)	(28000, 0.2680834470656986)	(29000, 0.2680834470656986)	(30000, 0.2680834470656986)	(31000, 0.2680834470656986)	(32000, 0.2680834470656986)	(33000, 0.2680834470656986)	(34000, 0.2680834470656986)	(35000, 0.2680834470656994)																													
minknow_barcode09 - polyg	(1, 0.0)	(2, 0.0)	(3, 0.0)	(4, 0.0)	(5, 0.0)	(6, 0.0)	(7, 0.0)	(8, 0.0)	(9, 0.0)	(10, 0.08276861025934895)	(1000, 0.16275589783583339)	(2000, 0.19067557028660725)	(3000, 0.2024907389354664)	(4000, 0.204718268668358)	(5000, 0.20925619029050377)	(6000, 0.21377948917917425)	(7000, 0.21446675765256087)	(8000, 0.21446675765256087)	(9000, 0.21446675765256087)	(10000, 0.21446675765256087)	(11000, 0.21446675765256087)	(12000, 0.21446675765256087)	(13000, 0.21446675765256087)	(14000, 0.21446675765256087)	(15000, 0.21446675765256087)	(16000, 0.21446675765256087)	(17000, 0.21446675765256087)	(18000, 0.21446675765256087)	(19000, 0.21446675765256087)	(20000, 0.21446675765256087)	(21000, 0.21446675765256087)	(22000, 0.21446675765256087)	(23000, 0.21446675765256087)	(24000, 0.21446675765256087)	(25000, 0.21446675765256087)	(26000, 0.21446675765256087)	(27000, 0.21446675765256087)	(28000, 0.21446675765256087)	(29000, 0.21446675765256087)	(30000, 0.21446675765256087)	(31000, 0.21446675765256087)	(32000, 0.21446675765256087)	(33000, 0.21446675765256087)	(34000, 0.21446675765256087)	(35000, 0.2144667576525611)																													
minknow_barcode10 - polya	(1, 0.0)	(2, 0.0)	(3, 0.0)	(4, 0.0)	(5, 0.0)	(6, 0.0)	(7, 0.0)	(8, 0.0)	(9, 0.0)	(10, 0.08105283967352961)	(1000, 0.16733099146892416)	(2000, 0.2168685927306633)	(3000, 0.25298109780868133)	(4000, 0.2844266016679784)	(5000, 0.3088250053767311)	(6000, 0.33738141324348364)	(7000, 0.3467106363658035)	(8000, 0.3565775324396061)	(9000, 0.3609577747508841)	(10000, 0.3670155566707256)	(11000, 0.37206251344183383)	(12000, 0.37568762396348687)	(13000, 0.37828996104857643)	(14000, 0.38440031543480135)	(15000, 0.38712452505556516)	(16000, 0.38712452505556516)	(17000, 0.38712452505556516)	(18000, 0.38712452505556516)	(19000, 0.38712452505556516)	(20000, 0.38712452505556516)	(21000, 0.3871938251248646)	(22000, 0.3895141826176313)	(23000, 0.3895141826176313)	(24000, 0.3895141826176313)	(25000, 0.3895141826176313)	(26000, 0.3895141826176313)	(27000, 0.3895141826176313)	(28000, 0.3895141826176313)	(29000, 0.3895141826176313)	(30000, 0.3895141826176313)	(31000, 0.3895141826176313)	(32000, 0.3895141826176313)	(33000, 0.3895141826176313)	(34000, 0.3895141826176313)	(35000, 0.3895141826176313)	(36000, 0.3895141826176313)	(37000, 0.3895141826176313)	(38000, 0.3895141826176313)	(39000, 0.3895141826176313)	(40000, 0.3895141826176313)	(41000, 0.3895141826176313)	(42000, 0.3895141826176313)	(43000, 0.3895141826176313)	(44000, 0.3895141826176313)	(45000, 0.3895141826176313)	(46000, 0.3895141826176313)	(47000, 0.3895141826176313)	(48000, 0.3895141826176313)	(49000, 0.3895141826176313)	(50000, 0.3895141826176313)	(51000, 0.3895141826176313)	(52000, 0.3895141826176313)	(53000, 0.3895141826176313)	(54000, 0.3895141826176313)	(55000, 0.3895141826176313)	(56000, 0.3895141826176313)	(57000, 0.3895141826176313)	(58000, 0.3895141826176313)	(59000, 0.3895141826176313)	(60000, 0.3895141826176313)	(61000, 0.3895141826176313)	(62000, 0.3895141826176313)	(63000, 0.3895141826176313)	
minknow_barcode10 - polyg	(1, 0.0)	(2, 0.0)	(3, 0.0)	(4, 0.0)	(5, 0.0)	(6, 0.0)	(7, 0.0)	(8, 0.0)	(9, 0.0)	(10, 0.053866260762812625)	(1000, 0.12478313857624279)	(2000, 0.1649700097975967)	(3000, 0.1910602910602896)	(4000, 0.20521901211556381)	(5000, 0.21729156211914816)	(6000, 0.22189882189881988)	(7000, 0.22762922073266953)	(8000, 0.23723803378975722)	(9000, 0.24225153535499003)	(10000, 0.2437450713312828)	(11000, 0.2437450713312828)	(12000, 0.2437450713312828)	(13000, 0.2437450713312828)	(14000, 0.2437450713312828)	(15000, 0.2437450713312828)	(16000, 0.2437450713312828)	(17000, 0.2437450713312828)	(18000, 0.24531746600711576)	(19000, 0.24613472889334517)	(20000, 0.24613472889334517)	(21000, 0.24613472889334517)	(22000, 0.2469734986976341)	(23000, 0.2485243864554167)	(24000, 0.2485243864554167)	(25000, 0.2485243864554167)	(26000, 0.2485243864554167)	(27000, 0.2485243864554167)	(28000, 0.2508471336057538)	(29000, 0.2509140440174918)	(30000, 0.2509140440174918)	(31000, 0.2509140440174918)	(32000, 0.2509140440174918)	(33000, 0.2509140440174918)	(34000, 0.2509140440174918)	(35000, 0.2509140440174918)	(36000, 0.2509140440174918)	(37000, 0.2509140440174918)	(38000, 0.2509140440174918)	(39000, 0.2509140440174918)	(40000, 0.2509140440174918)	(41000, 0.2509140440174918)	(42000, 0.2509140440174918)	(43000, 0.2509140440174918)	(44000, 0.2509140440174918)	(45000, 0.2509140440174918)	(46000, 0.2509140440174918)	(47000, 0.2509140440174918)	(48000, 0.2509140440174918)	(49000, 0.2509140440174918)	(50000, 0.2509140440174918)	(51000, 0.2509140440174918)	(52000, 0.2509140440174918)	(53000, 0.2509140440174918)	(54000, 0.2509140440174918)	(55000, 0.2509140440174918)	(56000, 0.2509140440174918)	(57000, 0.2509140440174918)	(58000, 0.2509140440174918)	(59000, 0.2509140440174918)	(60000, 0.2509140440174918)	(61000, 0.2509140440174918)	(62000, 0.2509140440174918)	(63000, 0.25091404401749184)	
minknow_barcode11 - polya	(1, 0.0)	(2, 0.0016766145798403863)	(3, 0.0016766145798403863)	(4, 0.0033532291596807726)	(5, 0.0033532291596807726)	(6, 0.0033532291596807726)	(7, 0.005029843739521159)	(8, 0.005029843739521159)	(9, 0.005029843739521159)	(10, 0.04867262931779069)	(1000, 0.11607202736234952)	(2000, 0.16084937294614918)	(3000, 0.17868352223190956)	(4000, 0.20008383072899413)	(5000, 0.2193296894909755)	(6000, 0.226393266715848)	(7000, 0.23481825497954223)	(8000, 0.240631077727852)	(9000, 0.24640701495539585)	(10000, 0.2493494735430209)	(11000, 0.249815572396216)	(12000, 0.25084501374824203)	(13000, 0.25149218697606013)	(14000, 0.25149218697606013)	(15000, 0.25149218697606013)	(16000, 0.25149218697606013)	(17000, 0.25149218697606013)	(18000, 0.25149218697606013)	(19000, 0.25149218697606013)	(20000, 0.25149218697606013)	(21000, 0.25149218697606013)	(22000, 0.25149218697606013)	(23000, 0.25149218697606013)	(24000, 0.25149218697606013)	(25000, 0.25149218697606013)	(26000, 0.25149218697606013)	(27000, 0.25149218697606013)	(28000, 0.25149218697606013)	(29000, 0.25149218697606013)	(30000, 0.25149218697606013)	(31000, 0.25149218697606013)	(32000, 0.25149218697606013)	(33000, 0.25149218697606013)	(34000, 0.25149218697606013)	(35000, 0.25149218697606013)	(36000, 0.25149218697606013)	(37000, 0.25149218697606013)	(38000, 0.25149218697606013)	(39000, 0.25149218697606013)	(40000, 0.25149218697606013)	(41000, 0.25149218697606013)	(42000, 0.25149218697606013)	(43000, 0.25149218697606013)	(44000, 0.25149218697606013)	(45000, 0.25149218697606013)	(46000, 0.25149218697606013)	(47000, 0.25149218697606013)	(48000, 0.25149218697606013)	(49000, 0.25149218697606013)	(50000, 0.2514921869760601)														
minknow_barcode11 - polyg	(1, 0.0)	(2, 0.0)	(3, 0.0)	(4, 0.0016766145798403863)	(5, 0.0016766145798403863)	(6, 0.0016766145798403863)	(7, 0.0016766145798403863)	(8, 0.0016766145798403863)	(9, 0.0016766145798403863)	(10, 0.07365079945725117)	(1000, 0.13294044665012514)	(2000, 0.14921702099121417)	(3000, 0.1620682717456894)	(4000, 0.16856180001341073)	(5000, 0.1703909865200182)	(6000, 0.17704882301656158)	(7000, 0.17939776004291924)	(8000, 0.18056971363423352)	(9000, 0.18151029441351843)	(10000, 0.1827509892025986)	(11000, 0.1827509892025986)	(12000, 0.1827509892025986)	(13000, 0.1827509892025986)	(14000, 0.1827509892025986)	(15000, 0.1827509892025986)	(16000, 0.1827509892025986)	(17000, 0.1827509892025986)	(18000, 0.1827509892025986)	(19000, 0.1827509892025986)	(20000, 0.1827509892025986)	(21000, 0.1827509892025986)	(22000, 0.1827509892025986)	(23000, 0.1827509892025986)	(24000, 0.1827509892025986)	(25000, 0.1827509892025986)	(26000, 0.1827509892025986)	(27000, 0.1827509892025986)	(28000, 0.1827509892025986)	(29000, 0.1827509892025986)	(30000, 0.1827509892025986)	(31000, 0.1827509892025986)	(32000, 0.1827509892025986)	(33000, 0.1827509892025986)	(34000, 0.1827509892025986)	(35000, 0.1827509892025986)	(36000, 0.1827509892025986)	(37000, 0.1827509892025986)	(38000, 0.1827509892025986)	(39000, 0.1827509892025986)	(40000, 0.1827509892025986)	(41000, 0.1827509892025986)	(42000, 0.1827509892025986)	(43000, 0.1827509892025986)	(44000, 0.1827509892025986)	(45000, 0.1827509892025986)	(46000, 0.1827509892025986)	(47000, 0.1827509892025986)	(48000, 0.1827509892025986)	(49000, 0.1827509892025986)	(50000, 0.18275098920259872)														
minknow_barcode12 - polya	(1, 0.0)	(2, 0.0)	(3, 0.0)	(4, 0.0)	(5, 0.0)	(6, 0.0)	(7, 0.0)	(8, 0.0)	(9, 0.0)	(10, 0.0)	(1000, 0.0)	(2000, 0.0)	(3000, 0.0)	(4000, 0.0)	(5000, 0.0)	(6000, 0.0)	(7000, 0.0)	(8000, 0.0)	(9000, 0.23920000000000124)	(10000, 0.7999999999999887)	(11000, 0.7999999999999887)	(12000, 0.7999999999999887)	(13000, 0.7999999999999887)	(14000, 0.7999999999999887)	(15000, 0.7999999999999887)	(16000, 0.7999999999999887)	(17000, 0.7999999999999887)	(18000, 0.7999999999999887)	(19000, 0.7999999999999887)	(20000, 0.7999999999999887)	(21000, 0.7999999999999887)	(22000, 0.7999999999999887)	(23000, 0.7999999999999887)	(24000, 0.7999999999999887)	(25000, 0.7999999999999887)	(26000, 0.7999999999999887)	(27000, 0.7999999999999887)	(28000, 0.7999999999999887)	(29000, 0.7999999999999887)	(30000, 0.7999999999999887)	(31000, 0.7999999999999887)	(32000, 0.7999999999999887)	(33000, 0.7999999999999887)	(34000, 0.7999999999999887)	(35000, 0.7999999999999887)	(36000, 0.7999999999999887)	(37000, 0.7999999999999887)	(38000, 0.7999999999999887)	(39000, 0.7999999999999887)	(40000, 0.7999999999999887)	(41000, 0.7999999999999887)	(42000, 0.7999999999999887)	(43000, 0.7999999999999887)	(44000, 0.7999999999999887)	(45000, 0.7999999999999887)	(46000, 0.7999999999999887)	(47000, 0.7999999999999887)	(48000, 0.7999999999999887)	(49000, 0.7999999999999887)	(50000, 0.7999999999999887)	(51000, 0.7999999999999887)	(52000, 0.7999999999999887)	(53000, 0.7999999999999887)	(54000, 0.7999999999999887)	(55000, 0.7999999999999887)	(56000, 0.7999999999999887)	(57000, 0.7999999999999887)	(58000, 0.7999999999999887)	(59000, 0.7999999999999887)	(60000, 0.7999999999999887)	(61000, 0.7999999999999887)	(62000, 0.7999999999999887)	(63000, 0.7999999999999887)	(64000, 0.7999999999999932)
minknow_barcode12 - polyg	(1, 0.0)	(2, 0.0)	(3, 0.0)	(4, 0.0)	(5, 0.0)	(6, 0.0)	(7, 0.0)	(8, 0.0)	(9, 0.0)	(10, 0.0)	(1000, 0.0)	(2000, 0.0)	(3000, 0.0)	(4000, 0.0)	(5000, 0.0)	(6000, 0.0)	(7000, 0.0)	(8000, 0.0)	(9000, 0.0)	(10000, 0.0)	(11000, 0.0)	(12000, 0.0)	(13000, 0.0)	(14000, 0.0)	(15000, 0.0)	(16000, 0.0)	(17000, 0.1800000000000004)	(18000, 0.7999999999999887)	(19000, 0.7999999999999887)	(20000, 0.7999999999999887)	(21000, 0.7999999999999887)	(22000, 0.7999999999999887)	(23000, 0.7999999999999887)	(24000, 0.7999999999999887)	(25000, 0.7999999999999887)	(26000, 0.7999999999999887)	(27000, 0.7999999999999887)	(28000, 0.7999999999999887)	(29000, 0.7999999999999887)	(30000, 0.7999999999999887)	(31000, 0.7999999999999887)	(32000, 0.7999999999999887)	(33000, 0.7999999999999887)	(34000, 0.7999999999999887)	(35000, 0.7999999999999887)	(36000, 0.7999999999999887)	(37000, 0.7999999999999887)	(38000, 0.7999999999999887)	(39000, 0.7999999999999887)	(40000, 0.7999999999999887)	(41000, 0.7999999999999887)	(42000, 0.7999999999999887)	(43000, 0.7999999999999887)	(44000, 0.7999999999999887)	(45000, 0.7999999999999887)	(46000, 0.7999999999999887)	(47000, 0.7999999999999887)	(48000, 0.7999999999999887)	(49000, 0.7999999999999887)	(50000, 0.7999999999999887)	(51000, 0.7999999999999887)	(52000, 0.7999999999999887)	(53000, 0.7999999999999887)	(54000, 0.7999999999999887)	(55000, 0.7999999999999887)	(56000, 0.7999999999999887)	(57000, 0.7999999999999887)	(58000, 0.7999999999999887)	(59000, 0.7999999999999887)	(60000, 0.7999999999999887)	(61000, 0.7999999999999887)	(62000, 0.7999999999999887)	(63000, 0.7999999999999887)	(64000, 0.7999999999999932)
minknow_barcode13 - polya	(1, 0.0)	(2, 0.0)	(3, 0.0)	(4, 0.0)	(5, 0.0)	(6, 0.0)	(7, 0.0)	(8, 0.0)	(9, 0.0)	(10, 0.0)	(1000, 0.0)	(2000, 0.0)	(3000, 0.0)	(4000, 0.0)	(5000, 0.0)	(6000, 0.0)	(7000, 0.0)	(8000, 0.0)	(9000, 0.0)	(10000, 0.0)	(11000, 0.0)	(12000, 0.0)	(13000, 0.0)	(14000, 0.0)	(15000, 0.0)	(16000, 0.47608695652173766)	(17000, 2.1739130434782648)	(18000, 2.1739130434782648)	(19000, 2.1739130434782648)	(20000, 2.1739130434782648)	(21000, 2.1739130434782648)	(22000, 2.1739130434782648)	(23000, 2.1739130434782648)	(24000, 2.1739130434782648)	(25000, 2.1739130434782648)	(26000, 2.1739130434782648)	(27000, 2.1739130434782648)	(28000, 2.1739130434782648)	(29000, 2.1739130434782648)	(30000, 2.1739130434782648)	(31000, 2.1739130434782648)	(32000, 2.1739130434782648)	(33000, 2.1739130434782523)																															
minknow_barcode14 - polya	(1, 0.0)	(2, 0.0)	(3, 0.0)	(4, 0.0)	(5, 0.0)	(6, 0.0)	(7, 0.0)	(8, 0.0)	(9, 0.0)	(10, 0.15610651974288267)	(1000, 0.25745807590468184)	(2000, 0.2893203883495119)	(3000, 0.3474404236540112)	(4000, 0.3530450132391833)	(5000, 0.3530450132391833)	(6000, 0.3616946160635474)	(7000, 0.39717563989408733)	(8000, 0.39717563989408733)	(9000, 0.39717563989408733)	(10000, 0.39717563989408733)	(11000, 0.39717563989408733)	(12000, 0.39717563989408733)	(13000, 0.39717563989408733)	(14000, 0.39717563989408733)	(15000, 0.39717563989408733)	(16000, 0.39717563989408733)	(17000, 0.39717563989408733)	(18000, 0.39717563989408733)	(19000, 0.39717563989408733)	(20000, 0.39717563989408733)	(21000, 0.39717563989408733)	(22000, 0.39717563989408733)	(23000, 0.39717563989408733)	(24000, 0.39717563989408733)	(25000, 0.39717563989408733)	(26000, 0.39717563989408733)	(27000, 0.39717563989408733)	(28000, 0.39717563989408733)	(29000, 0.39717563989408733)	(30000, 0.39717563989408733)	(31000, 0.39717563989408733)	(32000, 0.39717563989408733)	(33000, 0.39717563989408733)	(34000, 0.39717563989408733)	(35000, 0.3971756398940868)																													
minknow_barcode14 - polyg	(1, 0.0)	(2, 0.0)	(3, 0.0)	(4, 0.0)	(5, 0.0)	(6, 0.0)	(7, 0.0)	(8, 0.0)	(9, 0.0)	(10, 0.04172350156463076)	(1000, 0.12563989408649792)	(2000, 0.13239187996469762)	(3000, 0.13239187996469762)	(4000, 0.13239187996469762)	(5000, 0.13239187996469762)	(6000, 0.13239187996469762)	(7000, 0.13239187996469762)	(8000, 0.13239187996469762)	(9000, 0.13239187996469762)	(10000, 0.13239187996469762)	(11000, 0.13239187996469762)	(12000, 0.13239187996469762)	(13000, 0.13239187996469762)	(14000, 0.13239187996469762)	(15000, 0.13239187996469762)	(16000, 0.13239187996469762)	(17000, 0.13239187996469762)	(18000, 0.13239187996469762)	(19000, 0.13239187996469762)	(20000, 0.13239187996469762)	(21000, 0.13239187996469762)	(22000, 0.13239187996469762)	(23000, 0.13239187996469762)	(24000, 0.13239187996469762)	(25000, 0.13239187996469762)	(26000, 0.13239187996469762)	(27000, 0.13239187996469762)	(28000, 0.13239187996469762)	(29000, 0.13239187996469762)	(30000, 0.13239187996469762)	(31000, 0.13239187996469762)	(32000, 0.13239187996469762)	(33000, 0.13239187996469762)	(34000, 0.13239187996469762)	(35000, 0.13239187996469748)																													
minknow_barcode15 - polya	(1, 0.0)	(2, 0.0)	(3, 0.0)	(4, 0.0)	(5, 0.0)	(6, 0.0)	(7, 0.0)	(8, 0.0)	(9, 0.0)	(10, 0.05770566548524446)	(500, 0.14713876075302368)	(1000, 0.2351452437351947)	(1500, 0.2656152599426492)	(2000, 0.28068819349208224)	(2500, 0.29515023064455853)	(3000, 0.3014212691684332)	(3500, 0.3240867722229159)	(4000, 0.35990524872210117)	(4500, 0.37480364044383196)	(5000, 0.3802518389228259)	(5500, 0.3802518389228259)	(6000, 0.3802518389228259)	(6500, 0.3802518389228259)	(7000, 0.3802518389228259)	(7500, 0.3802518389228259)	(8000, 0.38338112454806067)	(8500, 0.38648547562647917)	(9000, 0.38648547562647917)	(9500, 0.38648547562647917)	(10000, 0.38845530482483415)	(10500, 0.3927191123301293)	(11000, 0.3927191123301293)	(11500, 0.3927191123301293)	(12000, 0.3927191123301293)	(12500, 0.3927191123301293)	(13000, 0.3927191123301293)	(13500, 0.3927191123301293)	(14000, 0.3927191123301293)	(14500, 0.3927191123301293)	(15000, 0.3927191123301293)	(15500, 0.3927191123301293)	(16000, 0.3927191123301293)	(16500, 0.3927191123301293)	(17000, 0.3927191123301293)	(17500, 0.3927191123301293)	(18000, 0.3927191123301293)	(18500, 0.3927191123301293)	(19000, 0.3927191123301293)	(19500, 0.3927191123301293)	(20000, 0.3927191123301293)	(20500, 0.3927191123301293)	(21000, 0.3927191123301293)	(21500, 0.3927191123301293)	(22000, 0.3927191123301293)	(22500, 0.3927191123301293)	(23000, 0.3927191123301293)	(23500, 0.3927191123301293)	(24000, 0.3927191123301293)	(24500, 0.39435232514648694)	(25000, 0.39895274903378386)	(25500, 0.39895274903378386)	(26000, 0.39895274903378386)	(26500, 0.39895274903378386)	(27000, 0.3989527490337863)										
minknow_barcode15 - polyg	(1, 0.0)	(2, 0.0)	(3, 0.0)	(4, 0.0)	(5, 0.0)	(6, 0.0)	(7, 0.0)	(8, 0.0)	(9, 0.0)	(10, 0.0800831490806019)	(500, 0.18734571749158424)	(1000, 0.2373519511282889)	(1500, 0.2784939533723968)	(2000, 0.29311806507916754)	(2500, 0.31463657898017516)	(3000, 0.3179154718862968)	(3500, 0.3267797032788924)	(4000, 0.3406807131280417)	(4500, 0.34285001870091275)	(5000, 0.34285001870091275)	(5500, 0.34692681710510315)	(6000, 0.3490836554045674)	(6500, 0.3490836554045674)	(7000, 0.3490836554045674)	(7500, 0.3490836554045674)	(8000, 0.3490836554045674)	(8500, 0.3490836554045674)	(9000, 0.3519386610148388)	(9500, 0.3553172921082169)	(10000, 0.3553172921082169)	(10500, 0.35642687944146745)	(11000, 0.3615509288118706)	(11500, 0.3615509288118706)	(12000, 0.3615509288118706)	(12500, 0.3615509288118706)	(13000, 0.3615509288118706)	(13500, 0.3615509288118706)	(14000, 0.3615509288118706)	(14500, 0.3615509288118706)	(15000, 0.3615509288118706)	(15500, 0.3615509288118706)	(16000, 0.3615509288118706)	(16500, 0.3615509288118706)	(17000, 0.3615509288118706)	(17500, 0.3615509288118706)	(18000, 0.3615509288118706)	(18500, 0.3615509288118706)	(19000, 0.3615509288118706)	(19500, 0.3615509288118706)	(20000, 0.3615509288118706)	(20500, 0.3615509288118706)	(21000, 0.3615509288118706)	(21500, 0.3615509288118706)	(22000, 0.3615509288118706)	(22500, 0.3615509288118706)	(23000, 0.3615509288118706)	(23500, 0.3615509288118706)	(24000, 0.3615509288118706)	(24500, 0.3615509288118706)	(25000, 0.3615509288118706)	(25500, 0.3615509288118706)	(26000, 0.3615509288118706)	(26500, 0.3615509288118706)	(27000, 0.36155092881186884)										
minknow_barcode17 - polya	(1, 0.0008295560879462182)	(2, 0.00273753509022252)	(3, 0.004645514092498822)	(4, 0.0064705374859805025)	(5, 0.0091251169674084)	(6, 0.010618317925711593)	(7, 0.011779696448836299)	(8, 0.0136876754511126)	(9, 0.01460018714785344)	(10, 0.5549485530157366)	(2000, 0.7625686872440838)	(4000, 0.8098450057405332)	(6000, 0.8283421570449255)	(8000, 0.8365689892025056)	(10000, 0.8406442249623284)	(12000, 0.8424681284550751)	(14000, 0.8432526396475167)	(16000, 0.843537965463898)	(18000, 0.8437210484925521)	(20000, 0.8438109723725058)	(22000, 0.8439074082677276)	(24000, 0.8439074082677276)	(26000, 0.8439074082677276)	(28000, 0.8439074082677276)	(30000, 0.8439074082677276)	(32000, 0.8439074082677276)	(34000, 0.8439074082677276)	(36000, 0.8439074082677276)	(38000, 0.8439074082677276)	(40000, 0.8439074082677276)	(42000, 0.8439074082677276)	(44000, 0.8439074082677276)	(46000, 0.8439296403708336)	(48000, 0.8439903638764567)	(50000, 0.8439903638764567)	(52000, 0.8439903638764567)	(54000, 0.8439903638764567)	(56000, 0.8439903638764567)	(58000, 0.8439903638764567)	(60000, 0.8439903638764567)	(62000, 0.8439903638764567)	(64000, 0.8439903638764567)	(66000, 0.8439903638764839)																															
minknow_barcode17 - polyg	(1, 0.008046694053078316)	(2, 0.008461472097051425)	(3, 0.009622850620176131)	(4, 0.010701273534506214)	(5, 0.011613785231247054)	(6, 0.012692208145577139)	(7, 0.0136876754511126)	(8, 0.014351320321469576)	(9, 0.014932009583031928)	(10, 0.4496721744410882)	(2000, 0.6168527222712616)	(4000, 0.6463984407663761)	(6000, 0.6583204475621001)	(8000, 0.6627473736254251)	(10000, 0.6642157708567007)	(12000, 0.6651743229163288)	(14000, 0.6656238178825438)	(16000, 0.6658317461160097)	(18000, 0.66592245807423)	(20000, 0.6659676274032325)	(22000, 0.6659676274032325)	(24000, 0.6659676274032325)	(26000, 0.6659676274032325)	(28000, 0.6659676274032325)	(30000, 0.6659676274032325)	(32000, 0.6659676274032325)	(34000, 0.6659676274032325)	(36000, 0.6659676274032325)	(38000, 0.6659676274032325)	(40000, 0.6659676274032325)	(42000, 0.6659676274032325)	(44000, 0.6659676274032325)	(46000, 0.6659676274032325)	(48000, 0.6659676274032325)	(50000, 0.6659676274032325)	(52000, 0.6659676274032325)	(54000, 0.6659676274032325)	(56000, 0.6659676274032325)	(58000, 0.6659676274032325)	(60000, 0.6659676274032325)	(62000, 0.6659676274032325)	(64000, 0.6659676274032325)	(66000, 0.6659676274032222)																															
minknow_barcode18 - polya	(1, 0.0010585160927524726)	(2, 0.0023816612086930635)	(3, 0.005160265952168304)	(4, 0.007541927160861367)	(5, 0.009262015811584135)	(6, 0.010717475439118785)	(7, 0.012437564089841553)	(8, 0.014157652740564321)	(9, 0.015348483344910853)	(10, 0.4368061548968565)	(1000, 0.7126353742846762)	(2000, 0.7916476464556227)	(3000, 0.8282060136945526)	(4000, 0.8477513810327165)	(5000, 0.8600813734246309)	(6000, 0.8672533492110841)	(7000, 0.8729128378154892)	(8000, 0.8762036320333405)	(9000, 0.8781252356852152)	(10000, 0.8802573517250404)	(11000, 0.8813428599781548)	(12000, 0.8820327478416138)	(13000, 0.8827258112533438)	(14000, 0.8836557176408494)	(15000, 0.8842524560881276)	(16000, 0.8845021335714849)	(17000, 0.8845225100062712)	(18000, 0.8846173795110868)	(19000, 0.8846548245178649)	(20000, 0.8847291852734179)	(21000, 0.8848699679137398)	(22000, 0.8849194535410765)	(23000, 0.885049518705973)	(24000, 0.8850517680526702)	(25000, 0.8850517680526702)	(26000, 0.8850517680526702)	(27000, 0.8850517680526702)	(28000, 0.8850517680526702)	(29000, 0.8850517680526702)	(30000, 0.8850517680526702)	(31000, 0.8850517680526702)	(32000, 0.8850521649962049)	(33000, 0.8851840825642516)	(34000, 0.8851840825642516)	(35000, 0.8851840825642516)	(36000, 0.8851840825642516)	(37000, 0.8851840825642516)	(38000, 0.8851840825642516)	(39000, 0.8851840825642516)	(40000, 0.8851840825642516)	(41000, 0.8851840825642516)	(42000, 0.8851840825642516)	(43000, 0.8851840825642516)	(44000, 0.8851840825642516)	(45000, 0.8851840825642516)	(46000, 0.8851840825642516)	(47000, 0.8851840825642516)	(48000, 0.8851840825642516)	(49000, 0.8851840825642516)	(50000, 0.8851840825642516)	(51000, 0.8851840825642516)	(52000, 0.8851840825642516)	(53000, 0.8851840825642516)	(54000, 0.8851840825642516)	(55000, 0.8851840825642516)	(56000, 0.8851840825642516)	(57000, 0.8851840825642516)	(58000, 0.8851840825642516)	(59000, 0.8851840825642516)	(60000, 0.8851840825642516)	(61000, 0.8851840825642516)	(62000, 0.8851840825642516)		
minknow_barcode18 - polyg	(1, 0.012437564089841553)	(2, 0.013496080182594026)	(3, 0.016274684926069267)	(4, 0.017862459065197976)	(5, 0.02011180576229698)	(6, 0.021964208924613808)	(7, 0.023948926598524694)	(8, 0.026330587807217757)	(9, 0.028182990969534583)	(10, 0.6708134569204331)	(1000, 1.076618834970725)	(2000, 1.1845995170520325)	(3000, 1.2297031523932391)	(4000, 1.2510158446627642)	(5000, 1.26204134828488)	(6000, 1.2690697628262424)	(7000, 1.2729324203631978)	(8000, 1.274750421752477)	(9000, 1.276396017333188)	(10000, 1.2778162813006584)	(11000, 1.278559227283245)	(12000, 1.2790849128378272)	(13000, 1.279451556349455)	(14000, 1.2797341801461999)	(15000, 1.279745956137732)	(16000, 1.279810393304869)	(17000, 1.280010585160902)	(18000, 1.280010585160902)	(19000, 1.280010585160902)	(20000, 1.280010585160902)	(21000, 1.280010585160902)	(22000, 1.280010585160902)	(23000, 1.280010585160902)	(24000, 1.280010585160902)	(25000, 1.280010585160902)	(26000, 1.280010585160902)	(27000, 1.280010585160902)	(28000, 1.280010585160902)	(29000, 1.280010585160902)	(30000, 1.280010585160902)	(31000, 1.280010585160902)	(32000, 1.280010585160902)	(33000, 1.280010585160902)	(34000, 1.280010585160902)	(35000, 1.280010585160902)	(36000, 1.280010585160902)	(37000, 1.280010585160902)	(38000, 1.280010585160902)	(39000, 1.280010585160902)	(40000, 1.280010585160902)	(41000, 1.280010585160902)	(42000, 1.280010585160902)	(43000, 1.280010585160902)	(44000, 1.280010585160902)	(45000, 1.280010585160902)	(46000, 1.280010585160902)	(47000, 1.280010585160902)	(48000, 1.280010585160902)	(49000, 1.280010585160902)	(50000, 1.280010585160902)	(51000, 1.280010585160902)	(52000, 1.280010585160902)	(53000, 1.280010585160902)	(54000, 1.280010585160902)	(55000, 1.280010585160902)	(56000, 1.280010585160902)	(57000, 1.280010585160902)	(58000, 1.280010585160902)	(59000, 1.280010585160902)	(60000, 1.280010585160902)	(61000, 1.280010585160902)	(62000, 1.2800105851609025)		
minknow_barcode20 - polya	(1, 0.0)	(2, 0.0)	(3, 0.0)	(4, 0.0)	(5, 0.0001216670823625314)	(6, 0.0002433341647250628)	(7, 0.0003650012470875942)	(8, 0.0003650012470875942)	(9, 0.0003650012470875942)	(10, 0.020704957849487834)	(5000, 0.06053813350528953)	(10000, 0.08408964430628638)	(15000, 0.09730840780372467)	(20000, 0.10402508775238618)	(25000, 0.10617129508525988)	(30000, 0.10701510496827236)	(35000, 0.10773739376943348)	(40000, 0.10863427483377257)	(45000, 0.10877037163209355)	(50000, 0.10877037163209355)	(55000, 0.10877037163209355)	(60000, 0.10877037163209355)	(65000, 0.10877037163209355)	(70000, 0.10877037163209355)	(75000, 0.10877037163209355)	(80000, 0.10877037163209355)	(85000, 0.10877037163209355)	(90000, 0.10877037163209355)	(95000, 0.10877037163209355)	(100000, 0.10877037163209355)	(105000, 0.10877037163209355)	(110000, 0.10877037163209355)	(115000, 0.10877037163209355)	(120000, 0.10877037163209355)	(125000, 0.10877037163209355)	(130000, 0.10877037163209355)	(135000, 0.10877037163209355)	(140000, 0.10877037163209355)	(145000, 0.10877037163209552)																																			
minknow_unclassified - polya	(1, 0.06460840706809327)	(2, 0.06517806238390306)	(3, 0.06636484429184011)	(4, 0.06759909747609465)	(5, 0.06916564959457157)	(6, 0.07073220171304848)	(7, 0.07215634000257294)	(8, 0.07400771977895475)	(9, 0.07509955913425684)	(10, 0.4962055785498394)	(5000, 0.6827208446849022)	(10000, 0.7408060148005937)	(15000, 0.7702221893088018)	(20000, 0.7879801209283346)	(25000, 0.799207049294653)	(30000, 0.8055515853744738)	(35000, 0.808872277106929)	(40000, 0.8109909486516629)	(45000, 0.811864989791316)	(50000, 0.812330863402854)	(55000, 0.8126990316334586)	(60000, 0.8128509112349275)	(65000, 0.813044309214593)	(70000, 0.8132844379187132)	(75000, 0.8134677909764615)	(80000, 0.8135191928743698)	(85000, 0.8136003117912827)	(90000, 0.8136102048052642)	(95000, 0.8136681957165709)	(100000, 0.813787025815324)	(105000, 0.8138475611868637)	(110000, 0.8138475611868637)	(115000, 0.8138475611868637)	(120000, 0.8138475611868637)	(125000, 0.8138475611868637)	(130000, 0.8138475611868637)	(135000, 0.8138514253487711)	(140000, 0.813895032463272)	(145000, 0.813895032463272)	(150000, 0.813895032463272)	(155000, 0.813895032463272)	(160000, 0.813895032463272)	(165000, 0.813895032463272)	(170000, 0.813895032463272)	(175000, 0.813895032463272)	(180000, 0.813895032463272)	(185000, 0.813895032463272)	(190000, 0.813895032463272)	(195000, 0.813895032463272)	(200000, 0.813895032463272)	(205000, 0.813895032463272)	(210000, 0.813895032463272)	(215000, 0.813895032463272)	(220000, 0.8138950324632661)																				
minknow_unclassified - polyg	(1, 0.025112305171948082)	(2, 0.025349661553535494)	(3, 0.025397132829852977)	(4, 0.02549207538248794)	(5, 0.025587017935122906)	(6, 0.025776903040392835)	(7, 0.025871845593027798)	(8, 0.02591931686934528)	(9, 0.025966788145662764)	(10, 0.3811472485710585)	(5000, 0.4735348963725748)	(10000, 0.48770631610078646)	(15000, 0.4937650561086727)	(20000, 0.497801491262676)	(25000, 0.5002930401887006)	(30000, 0.5017815020576534)	(35000, 0.5024939509725936)	(40000, 0.5031303698914373)	(45000, 0.5036523260687882)	(50000, 0.5041342639602495)	(55000, 0.5044900421876917)	(60000, 0.5046954693888515)	(65000, 0.5048476433122422)	(70000, 0.504877711618687)	(75000, 0.5049051405221264)	(80000, 0.5049519661890369)	(85000, 0.5049776481495756)	(90000, 0.505118409978125)	(95000, 0.5051418512943735)	(100000, 0.5051548109527537)	(105000, 0.5051893225706339)	(110000, 0.5051893225706339)	(115000, 0.505242737250787)	(120000, 0.5052842651232906)	(125000, 0.5052842651232906)	(130000, 0.5052842651232906)	(135000, 0.5052842651232906)	(140000, 0.5052842651232906)	(145000, 0.5052842651232906)	(150000, 0.5052842651232906)	(155000, 0.5052842651232906)	(160000, 0.5052842651232906)	(165000, 0.5052842651232906)	(170000, 0.5052842651232906)	(175000, 0.5052842651232906)	(180000, 0.5052842651232906)	(185000, 0.5052842651232906)	(190000, 0.5052842651232906)	(195000, 0.5052842651232906)	(200000, 0.5052842651232906)	(205000, 0.5052842651232906)	(210000, 0.5052842651232906)	(215000, 0.5052842651232906)	(220000, 0.5052842651232567)																				
